Test,Model,Seed,Budget,Kind,F1,F1_draw_std,Precision,Recall,Threshold,slice_rcv,slice_steps
Low → High density,GAT,0,0.01,oracle,0.7433636058967615,0.01152688294807356,0.8199992577487736,0.6798662213230516,0.9936605840921402,15.0,101300.95
Low → High density,GAT,0,0.01,source,0.662512894610232,0.010124939966421016,0.5540513591032006,0.8238393524926761,0.521878182888031,15.0,101300.95
Low → High density,GAT,0,0.01,tuned,0.7363892021605444,0.013698384061172719,0.8142388258853464,0.6769632476581657,0.9879103988409043,15.0,101300.95
Low → High density,GAT,0,0.05,oracle,0.7471841376778061,0.004764812135869418,0.8219200655903522,0.6849261089886935,0.9936773985624313,15.0,85959.55
Low → High density,GAT,0,0.05,source,0.6644556149178314,0.006072309953036524,0.555073074051956,0.8275877569431758,0.521878182888031,15.0,85959.55
Low → High density,GAT,0,0.05,tuned,0.7380166059435564,0.01410948200214921,0.7859637001672934,0.7019170296831609,0.977472397685051,15.0,85959.55
Low → High density,GAT,0,0.1,oracle,0.7496056139841413,0.014556071307058029,0.8245753845304893,0.6871957111342322,0.9937330096960068,30.0,176838.95
Low → High density,GAT,0,0.1,source,0.6680978150715357,0.014023315558094879,0.5596336311198252,0.8288930770443026,0.521878182888031,30.0,176838.95
Low → High density,GAT,0,0.1,tuned,0.7429897367073004,0.01882695737135566,0.7995691654739377,0.6987556706175403,0.9813139200210571,30.0,176838.95
Low → High density,GAT,0,0.2,oracle,0.7396103327908465,0.02295874738644672,0.8168757457137822,0.6758104701057736,0.9937996745109559,45.0,294458.7
Low → High density,GAT,0,0.2,source,0.6596275791450871,0.02023984830876477,0.5505585012102023,0.822888247899512,0.521878182888031,45.0,294458.7
Low → High density,GAT,0,0.2,tuned,0.7358573042949328,0.022710740622174427,0.8156458468736607,0.6724716225533204,0.9927869856357574,45.0,294458.7
Low → High density,GAT,1,0.01,oracle,0.6799246083897175,0.017636950935934113,0.741028721924535,0.628253646957085,0.9990964621305466,15.0,98189.6
Low → High density,GAT,1,0.01,source,0.4474320999503488,0.012729051677781452,0.296470483322831,0.9122825722248733,0.4608181118965149,15.0,98189.6
Low → High density,GAT,1,0.01,tuned,0.6650154634241918,0.025222589364594417,0.7671999797261421,0.6036601810456199,0.9952917993068695,15.0,98189.6
Low → High density,GAT,1,0.05,oracle,0.6907424288965469,0.0129916783894838,0.7548221757214086,0.6368486469734076,0.9991547375917434,15.0,91365.85
Low → High density,GAT,1,0.05,source,0.4539749659627862,0.00974695666159295,0.30183491936218015,0.915777594701938,0.4608181118965149,15.0,91365.85
Low → High density,GAT,1,0.05,tuned,0.6772852953831456,0.01890701981357393,0.7288018609323801,0.648292361181682,0.9964336276054382,15.0,91365.85
Low → High density,GAT,1,0.1,oracle,0.6956896880938219,0.013035512165458158,0.7660274196716288,0.6374291805690253,0.9992178916931153,30.0,175374.75
Low → High density,GAT,1,0.1,source,0.458861672364096,0.012108533407897866,0.3061401407345105,0.9162689611000483,0.4608181118965149,30.0,175374.75
Low → High density,GAT,1,0.1,tuned,0.6849514022283559,0.01761436863910466,0.7390909106454331,0.649014686885842,0.9978686690330505,30.0,175374.75
Low → High density,GAT,1,0.2,oracle,0.693069370440014,0.028243251112311917,0.7566145722198235,0.6395837558471531,0.9991492182016373,45.0,293924.5
Low → High density,GAT,1,0.2,source,0.45702638061050554,0.01866155921275904,0.30464608090412343,0.9156466172920978,0.4608181118965149,45.0,293924.5
Low → High density,GAT,1,0.2,tuned,0.6819691614512575,0.02920566079904085,0.7519440974327662,0.6353068781094956,0.9981222599744797,45.0,293924.5
Low → High density,GAT,2,0.01,oracle,0.7457799702059048,0.011131246413059548,0.8052568187857359,0.694530811234848,0.9887290954589844,15.0,95320.25
Low → High density,GAT,2,0.01,source,0.6182561192016698,0.010343823999239943,0.5007520698880865,0.8078900122408182,0.598235547542572,15.0,95320.25
Low → High density,GAT,2,0.01,tuned,0.7404919660157401,0.012802797502872016,0.7993739890889677,0.6926643138428392,0.9853657811880112,15.0,95320.25
Low → High density,GAT,2,0.05,oracle,0.7431459453830747,0.01126279276200685,0.8020508213251848,0.6923292723219299,0.9883289694786072,15.0,90723.4
Low → High density,GAT,2,0.05,source,0.6156906148629498,0.010954842502156831,0.49818490675200006,0.8058340912852661,0.598235547542572,15.0,90723.4
Low → High density,GAT,2,0.05,tuned,0.7393335184754293,0.014527959910776397,0.8114690758410962,0.6807942311163954,0.9893190115690231,15.0,90723.4
Low → High density,GAT,2,0.1,oracle,0.7440916335903195,0.020133934378325807,0.8013552517724977,0.6945110228024228,0.9881935536861419,30.0,193029.95
Low → High density,GAT,2,0.1,source,0.6180424283874044,0.019705952277537214,0.500531161032963,0.8079481225936787,0.598235547542572,30.0,193029.95
Low → High density,GAT,2,0.1,tuned,0.7414052112061476,0.02258528489264107,0.8107674216340927,0.6844968008657564,0.9897040992975235,30.0,193029.95
Low → High density,GAT,2,0.2,oracle,0.7578042244206941,0.01608998674280669,0.8169336688698425,0.7067341733802348,0.9892574489116669,45.0,285547.35
Low → High density,GAT,2,0.2,source,0.6310306410949642,0.017118817101735517,0.5145476367203394,0.8159587898029386,0.598235547542572,45.0,285547.35
Low → High density,GAT,2,0.2,tuned,0.7550796039942449,0.01728120937483302,0.8054347617047929,0.7115281206993253,0.9863086938858032,45.0,285547.35
Low → High density,GRU,0,0.01,oracle,0.7346242201472669,0.009286350562752625,0.7901893793985554,0.6863786252995784,0.9996831297874451,15.0,101300.95
Low → High density,GRU,0,0.01,source,0.4356088860577884,0.008437013680018752,0.28437213506937076,0.9307733146260396,0.7980114221572876,15.0,101300.95
Low → High density,GRU,0,0.01,tuned,0.7304728026424875,0.009583383155159244,0.7772182254575426,0.6928198976024242,0.9995509147644043,15.0,101300.95
Low → High density,GRU,0,0.05,oracle,0.7369739041154224,0.004558831707089999,0.792271720917915,0.6889015415209452,0.9996832489967347,15.0,85959.55
Low → High density,GRU,0,0.05,source,0.43646329703167186,0.004650114638268306,0.2849130990009153,0.932579866477574,0.7980114221572876,15.0,85959.55
Low → High density,GRU,0,0.05,tuned,0.7348932141683888,0.005013664737351133,0.7827511911749159,0.6943733847374832,0.9996096223592759,15.0,85959.55
Low → High density,GRU,0,0.1,oracle,0.7401078371026041,0.012283221960227733,0.7948956857918631,0.6924163456204803,0.9996831297874451,30.0,176838.95
Low → High density,GRU,0,0.1,source,0.44007932019072815,0.01209769892134696,0.2880007705514789,0.9331985687964541,0.7980114221572876,30.0,176838.95
Low → High density,GRU,0,0.1,tuned,0.7390308539472986,0.011822480787190887,0.7768936586644827,0.7055461333138183,0.9995723992586136,30.0,176838.95
Low → High density,GRU,0,0.2,oracle,0.7309662043962682,0.017653004951152476,0.7822889598749911,0.6861149937742512,0.9996682435274125,45.0,294458.7
Low → High density,GRU,0,0.2,source,0.4314238363208179,0.016705958050368955,0.2809339885933825,0.9304348876683359,0.7980114221572876,45.0,294458.7
Low → High density,GRU,0,0.2,tuned,0.7295245398442853,0.017285007925907817,0.768906801660348,0.6949247364241808,0.9995850026607513,45.0,294458.7
Low → High density,GRU,1,0.01,oracle,0.7431564221788113,0.011415485429852395,0.7273943058856267,0.7596251472737252,0.9992243379354477,15.0,98189.6
Low → High density,GRU,1,0.01,source,0.5860235147887112,0.011285133362303919,0.4310038306291853,0.9155111512564181,0.7752214670181274,15.0,98189.6
Low → High density,GRU,1,0.01,tuned,0.7350181118380007,0.01671969815949709,0.7331374177417149,0.7400682298397309,0.9992737591266632,15.0,98189.6
Low → High density,GRU,1,0.05,oracle,0.750132658894503,0.008626406353747866,0.7340715767030972,0.7669248607870359,0.9992359161376954,15.0,91365.85
Low → High density,GRU,1,0.05,source,0.5924093886985042,0.00822822132073854,0.43697210904440675,0.9196637604030619,0.7752214670181274,15.0,91365.85
Low → High density,GRU,1,0.05,tuned,0.7460810459017786,0.011244745267950464,0.727871515042095,0.7669083238635012,0.9990008711814881,15.0,91365.85
Low → High density,GRU,1,0.1,oracle,0.7533789408307374,0.008964315228512551,0.737041586246306,0.770478242454352,0.9992182612419128,30.0,175374.75
Low → High density,GRU,1,0.1,source,0.5965924159340356,0.009984418485778688,0.44141351550054,0.9202783038536714,0.7752214670181274,30.0,175374.75
Low → High density,GRU,1,0.1,tuned,0.7519577564676433,0.008761556778972437,0.7376759430705008,0.767339566768989,0.9992050856351853,30.0,175374.75
Low → High density,GRU,1,0.2,oracle,0.7521087091806717,0.015610917396013753,0.7342634998093541,0.7709101369868021,0.9992031335830689,45.0,293924.5
Low → High density,GRU,1,0.2,source,0.5945152204427074,0.016623175033750985,0.43938514073071167,0.9195258154146533,0.7752214670181274,45.0,293924.5
Low → High density,GRU,1,0.2,tuned,0.7459402466983868,0.01369317623585208,0.7431391426242968,0.7505247615061601,0.9993285208940506,45.0,293924.5
Low → High density,GRU,2,0.01,oracle,0.7807108224670687,0.007839199135978938,0.8074540993805452,0.755761839707008,0.9989613950252533,15.0,95320.25
Low → High density,GRU,2,0.01,source,0.4494413091698613,0.007796758826538618,0.29660213213990405,0.9275110324747725,0.6008387207984924,15.0,95320.25
Low → High density,GRU,2,0.01,tuned,0.7787030070878611,0.007180975703303945,0.7993276042964121,0.7603677346065867,0.9986812889575958,15.0,95320.25
Low → High density,GRU,2,0.05,oracle,0.7798154940235683,0.008159929828815428,0.8047371766457528,0.756528743172218,0.9989096850156785,15.0,90723.4
Low → High density,GRU,2,0.05,source,0.4488361716301729,0.008382227870058644,0.2961217163823992,0.9271291448754969,0.6008387207984924,15.0,90723.4
Low → High density,GRU,2,0.05,tuned,0.7769293737922519,0.0098840709210457,0.806337914336779,0.7510871330483965,0.9988515853881836,15.0,90723.4
Low → High density,GRU,2,0.1,oracle,0.7809235143278107,0.01659581279395045,0.8044561674789248,0.7587918986489232,0.9989068537950516,30.0,193029.95
Low → High density,GRU,2,0.1,source,0.4492260211916002,0.01632463646056858,0.2964119491654703,0.9283589427976132,0.6008387207984924,30.0,193029.95
Low → High density,GRU,2,0.1,tuned,0.7792277876758464,0.017010715305759712,0.8029815995773338,0.7578699803998862,0.9988000631332398,30.0,193029.95
Low → High density,GRU,2,0.2,oracle,0.7897082695865463,0.013160254536718933,0.8159002073552781,0.7652385620226082,0.9989933997392655,45.0,285547.35
Low → High density,GRU,2,0.2,source,0.4603189315611328,0.015252914120142146,0.3059107512868584,0.9304694532547788,0.6008387207984924,45.0,285547.35
Low → High density,GRU,2,0.2,tuned,0.7882276074257605,0.01304745851357291,0.8002164161140563,0.7771331969966466,0.9985602974891663,45.0,285547.35
Low → High density,RAVEN-X,0,0.01,oracle,0.757063055685692,0.009020894794462829,0.7957303273641896,0.7220268731298746,0.9900477647781372,15.0,101300.95
Low → High density,RAVEN-X,0,0.01,source,0.6045453746741745,0.009952949303155883,0.4639603021602935,0.8674921436095582,0.8697706460952759,15.0,101300.95
Low → High density,RAVEN-X,0,0.01,tuned,0.7512473666819239,0.009958102054731362,0.794382761236063,0.7159022391973562,0.990012127161026,15.0,101300.95
Low → High density,RAVEN-X,0,0.05,oracle,0.7594238322031188,0.005128466962779575,0.7963621964958219,0.7257764762236654,0.9900174617767334,15.0,85959.55
Low → High density,RAVEN-X,0,0.05,source,0.6063297390958166,0.00584745443000132,0.4654374517463055,0.8696194617268989,0.8697706460952759,15.0,85959.55
Low → High density,RAVEN-X,0,0.05,tuned,0.7556076083251968,0.006347495436171659,0.7980469461110838,0.7197037469897207,0.9900541633367539,15.0,85959.55
Low → High density,RAVEN-X,0,0.1,oracle,0.7621805181080241,0.011946503298507346,0.7988555240294883,0.7287533411303243,0.9900233566761016,30.0,176838.95
Low → High density,RAVEN-X,0,0.1,source,0.6099949166730676,0.013480621139154632,0.469355052892395,0.8712549623788449,0.8697706460952759,30.0,176838.95
Low → High density,RAVEN-X,0,0.1,tuned,0.7606524322001054,0.01162786394972315,0.7905185674996322,0.7336508508115702,0.989809462428093,30.0,176838.95
Low → High density,RAVEN-X,0,0.2,oracle,0.753732615672542,0.017999669490294214,0.7924456639841921,0.7187108587603104,0.990076944231987,45.0,294458.7
Low → High density,RAVEN-X,0,0.2,source,0.6003421474251981,0.01946015988371511,0.4593781693811615,0.8666380944071281,0.8697706460952759,45.0,294458.7
Low → High density,RAVEN-X,0,0.2,tuned,0.7509919913847349,0.01721570524450006,0.7859680525371531,0.7204246868682962,0.9899119049310684,45.0,294458.7
Low → High density,RAVEN-X,1,0.01,oracle,0.7255250708245551,0.012657599225399028,0.7233210801828851,0.727767905322674,0.9857214093208313,15.0,98189.6
Low → High density,RAVEN-X,1,0.01,source,0.6116129055273238,0.012405586931601254,0.4743028446483527,0.8610278027607642,0.8350110054016113,15.0,98189.6
Low → High density,RAVEN-X,1,0.01,tuned,0.7229435048748103,0.01228058024452402,0.7198128280521938,0.7275458960566565,0.9855692923069,15.0,98189.6
Low → High density,RAVEN-X,1,0.05,oracle,0.7333064601191049,0.009151524028683267,0.7311620035283236,0.7354879854375234,0.9857567250728607,15.0,91365.85
Low → High density,RAVEN-X,1,0.05,source,0.6190804619487866,0.009218069833077974,0.48152205423277883,0.8667900102472353,0.8350110054016113,15.0,91365.85
Low → High density,RAVEN-X,1,0.05,tuned,0.7309265762157069,0.00904934906812593,0.7216548570397746,0.7415021754553142,0.9853935688734055,15.0,91365.85
Low → High density,RAVEN-X,1,0.1,oracle,0.7373057127169272,0.010772812662107587,0.7359643294900943,0.7387054477852302,0.9857827484607696,30.0,175374.75
Low → High density,RAVEN-X,1,0.1,source,0.6230306047662124,0.010691665816844189,0.4859454849282933,0.8680796778715832,0.8350110054016113,30.0,175374.75
Low → High density,RAVEN-X,1,0.1,tuned,0.7339184321793969,0.011560479344938932,0.7280858682993064,0.741674457813924,0.9854850590229034,30.0,175374.75
Low → High density,RAVEN-X,1,0.2,oracle,0.7356080384065742,0.018799410365501344,0.7322882868974432,0.7390325054721958,0.9857576787471771,45.0,293924.5
Low → High density,RAVEN-X,1,0.2,source,0.6210780271423951,0.01771408211044821,0.48334474863175175,0.8690796518435586,0.8350110054016113,45.0,293924.5
Low → High density,RAVEN-X,1,0.2,tuned,0.733366960981764,0.018646551134182565,0.7278691282566887,0.7400412704957161,0.9855902016162872,45.0,293924.5
Low → High density,RAVEN-X,2,0.01,oracle,0.5748659779809769,0.007617994849161187,0.5438140131419138,0.6099979856458826,0.9895197004079819,15.0,95320.25
Low → High density,RAVEN-X,2,0.01,source,0.4116250484930336,0.007870599776624307,0.26358304629203294,0.9393675046614293,0.825980007648468,15.0,95320.25
Low → High density,RAVEN-X,2,0.01,tuned,0.5454811851909244,0.029155726999731922,0.5901644713870298,0.5488088536416222,0.9900523364543915,15.0,95320.25
Low → High density,RAVEN-X,2,0.05,oracle,0.574834277451401,0.007445361340000487,0.5455105309425202,0.6080819258506511,0.9895466476678848,15.0,90723.4
Low → High density,RAVEN-X,2,0.05,source,0.4106834892344959,0.008045705241918815,0.2628516155553372,0.9388752297256037,0.825980007648468,15.0,90723.4
Low → High density,RAVEN-X,2,0.05,tuned,0.530419314440667,0.04389517767623792,0.6147251270502949,0.5186038460037341,0.9903467863798141,15.0,90723.4
Low → High density,RAVEN-X,2,0.1,oracle,0.5755555890617428,0.016353723396163963,0.5492180953048553,0.6057413749594344,0.9895976811647416,30.0,193029.95
Low → High density,RAVEN-X,2,0.1,source,0.41156006212620994,0.01579035564639549,0.26360628094335026,0.9393928802295249,0.825980007648468,30.0,193029.95
Low → High density,RAVEN-X,2,0.1,tuned,0.5439378249541325,0.030915455392568045,0.5927374937036376,0.5404351230389187,0.9901424080133439,30.0,193029.95
Low → High density,RAVEN-X,2,0.2,oracle,0.5857548352226813,0.012964275173127848,0.5487502918104619,0.6295281682861199,0.9893495887517929,45.0,285547.35
Low → High density,RAVEN-X,2,0.2,source,0.4233282443883161,0.01535115369074034,0.27309546602818796,0.9421611674099738,0.825980007648468,45.0,285547.35
Low → High density,RAVEN-X,2,0.2,tuned,0.5429764526552721,0.019428608753272708,0.64870076347173,0.48093805168179127,0.9909089356660843,45.0,285547.35
Low → High density,RAVEN-X-GF,0,0.01,oracle,0.8280312305336608,0.007295082619347332,0.8392958243593271,0.8170823639046138,0.9647945702075958,15.0,101300.95
Low → High density,RAVEN-X-GF,0,0.01,source,0.69741461381772,0.008400711696112239,0.5800932029399359,0.8742805404623661,0.46481743454933167,15.0,101300.95
Low → High density,RAVEN-X-GF,0,0.01,tuned,0.8250742594184193,0.008178759812921191,0.8454348662800658,0.8063145157165501,0.968431243300438,15.0,101300.95
Low → High density,RAVEN-X-GF,0,0.05,oracle,0.829980107228004,0.004170541875353035,0.8403234812521019,0.8199014234675174,0.9646879404783248,15.0,85959.55
Low → High density,RAVEN-X-GF,0,0.05,source,0.6987910185620096,0.005383133009380438,0.5809634556108645,0.8766223288432021,0.46481743454933167,15.0,85959.55
Low → High density,RAVEN-X-GF,0,0.05,tuned,0.8290416548564069,0.004077566410172083,0.8450072065219066,0.8139120092927753,0.9678558260202408,15.0,85959.55
Low → High density,RAVEN-X-GF,0,0.1,oracle,0.831975189204484,0.00924243958209809,0.8427149367835083,0.8215398015964904,0.9651333063840866,30.0,176838.95
Low → High density,RAVEN-X-GF,0,0.1,source,0.701850983523409,0.011595621670106481,0.584778312574867,0.8777022002193196,0.46481743454933167,30.0,176838.95
Low → High density,RAVEN-X-GF,0,0.1,tuned,0.8313006617694487,0.009562727999436265,0.8431344426960179,0.8199997470323481,0.9651777923107148,30.0,176838.95
Low → High density,RAVEN-X-GF,0,0.2,oracle,0.8255746793633427,0.013554104901548588,0.8364635026865364,0.8150156399140593,0.9650332391262054,45.0,294458.7
Low → High density,RAVEN-X-GF,0,0.2,source,0.6940603215751353,0.016852064345850667,0.5759210488002642,0.8734494673298144,0.46481743454933167,45.0,294458.7
Low → High density,RAVEN-X-GF,0,0.2,tuned,0.8246342039662802,0.014052210133264029,0.8398993546302547,0.8102590362101726,0.9673994094133377,45.0,294458.7
Low → High density,RAVEN-X-GF,1,0.01,oracle,0.8277352014980947,0.008707520497175332,0.8583604281924219,0.7992386421280078,0.9704997360706329,15.0,98189.6
Low → High density,RAVEN-X-GF,1,0.01,source,0.620164929822351,0.01176551567696417,0.4806033163966131,0.8741457146793866,0.4943256080150604,15.0,98189.6
Low → High density,RAVEN-X-GF,1,0.01,tuned,0.826501933689442,0.009354780459891115,0.8631861783673095,0.793061820841798,0.972793310880661,15.0,98189.6
Low → High density,RAVEN-X-GF,1,0.05,oracle,0.8336380640679829,0.006568184318560303,0.8625556324461904,0.8066103837998341,0.9706973105669021,15.0,91365.85
Low → High density,RAVEN-X-GF,1,0.05,source,0.6268833906099138,0.009012571915637008,0.48701664999871497,0.8795783178602627,0.4943256080150604,15.0,91365.85
Low → High density,RAVEN-X-GF,1,0.05,tuned,0.8323564864819932,0.006465328967205032,0.860909565207294,0.8058886477928826,0.970046216249466,15.0,91365.85
Low → High density,RAVEN-X-GF,1,0.1,oracle,0.8359059277449271,0.00699688627586906,0.865728811846577,0.808085900658391,0.9710910260677338,30.0,175374.75
Low → High density,RAVEN-X-GF,1,0.1,source,0.6311088609168329,0.010137090070381289,0.4918986632770682,0.8803929156561665,0.4943256080150604,30.0,175374.75
Low → High density,RAVEN-X-GF,1,0.1,tuned,0.8354820140084517,0.007079900346171519,0.8642839170774979,0.8086308876004145,0.9704210221767425,30.0,175374.75
Low → High density,RAVEN-X-GF,1,0.2,oracle,0.8348745570329996,0.01287957135332653,0.8634932761356024,0.8081723721864558,0.9710670739412308,45.0,293924.5
Low → High density,RAVEN-X-GF,1,0.2,source,0.6296251282543337,0.016138674370097944,0.4900586584205574,0.8807286918063475,0.4943256080150604,45.0,293924.5
Low → High density,RAVEN-X-GF,1,0.2,tuned,0.834335504799508,0.012900480808305477,0.8624607751554064,0.808223126048858,0.9705660611391067,45.0,293924.5
Low → High density,RAVEN-X-GF,2,0.01,oracle,0.754493497421496,0.008618256486669303,0.7782423237516837,0.7321647715785295,0.9849260717630386,15.0,95320.25
Low → High density,RAVEN-X-GF,2,0.01,source,0.5022393857282298,0.008340454287156653,0.35094309116352584,0.88302725928655,0.6741562485694885,15.0,95320.25
Low → High density,RAVEN-X-GF,2,0.01,tuned,0.7502213698797547,0.00797637201650105,0.7591903089478838,0.7436392510719716,0.9836507320404053,15.0,95320.25
Low → High density,RAVEN-X-GF,2,0.05,oracle,0.7534207465247122,0.009476931860023139,0.7774364098192653,0.7308622256221643,0.9849250942468644,15.0,90723.4
Low → High density,RAVEN-X-GF,2,0.05,source,0.5015887908788027,0.008902025986955227,0.3503502493050909,0.8828084916303298,0.6741562485694885,15.0,90723.4
Low → High density,RAVEN-X-GF,2,0.05,tuned,0.7483334388264037,0.009107680215680404,0.7631100112879419,0.7369054799794379,0.9839270353317261,15.0,90723.4
Low → High density,RAVEN-X-GF,2,0.1,oracle,0.7542447952511331,0.01837448911851121,0.7764718702748741,0.7332837664686056,0.9848700195550919,30.0,193029.95
Low → High density,RAVEN-X-GF,2,0.1,source,0.5024789686173812,0.0178590753403706,0.35103390722859346,0.8844967938442021,0.6741562485694885,30.0,193029.95
Low → High density,RAVEN-X-GF,2,0.1,tuned,0.7526283742588329,0.018702347617771,0.7763893832090474,0.7311265994095428,0.9848479837179184,30.0,193029.95
Low → High density,RAVEN-X-GF,2,0.2,oracle,0.7643460472188374,0.014923314139804661,0.7878016291140859,0.7422784063386696,0.984987610578537,45.0,285547.35
Low → High density,RAVEN-X-GF,2,0.2,source,0.5138745284654579,0.016057329723830786,0.3617241021542198,0.8876909030756372,0.6741562485694885,45.0,285547.35
Low → High density,RAVEN-X-GF,2,0.2,tuned,0.7627823016600495,0.014804848528243425,0.7748721026679433,0.7515655256321317,0.9841787993907929,45.0,285547.35
Low → High density,RandomForest,0,0.01,oracle,0.8276906410934011,0.006616302940368551,0.8263469436778182,0.8290494359291861,0.6285770235268298,15.0,101300.95
Low → High density,RandomForest,0,0.01,source,0.8237540255976308,0.007041698016046116,0.8447367502824313,0.8038038141799927,0.7147857142857141,15.0,101300.95
Low → High density,RandomForest,0,0.01,tuned,0.8245986038931216,0.010061363658373195,0.8347356256597935,0.8153762730943683,0.6726254701250423,15.0,101300.95
Low → High density,RandomForest,0,0.05,oracle,0.8308413000152879,0.004402803459776298,0.8283821345080392,0.8333420889462838,0.6307813939691311,15.0,85959.55
Low → High density,RandomForest,0,0.05,source,0.8271838436472173,0.0044766671959662495,0.8459825407676942,0.8092290566336307,0.7147857142857141,15.0,85959.55
Low → High density,RandomForest,0,0.05,tuned,0.8295369429742788,0.003979444416397005,0.8279799306227786,0.8315063591477617,0.6376182032336041,15.0,85959.55
Low → High density,RandomForest,0,0.1,oracle,0.8320657519032191,0.00754840585181843,0.8299638991972623,0.8341977661659424,0.6297367543819155,30.0,176838.95
Low → High density,RandomForest,0,0.1,source,0.8283781205123292,0.008049417099889513,0.8478403497848538,0.8098062049698784,0.7147857142857141,30.0,176838.95
Low → High density,RandomForest,0,0.1,tuned,0.8304261319562876,0.00943701262019067,0.8310470699906274,0.8301765393949829,0.6415756319699294,30.0,176838.95
Low → High density,RandomForest,0,0.2,oracle,0.8263756815835753,0.013635826992123692,0.8232733072390526,0.8295720528423963,0.6298154597058544,45.0,294458.7
Low → High density,RandomForest,0,0.2,source,0.8224301072222678,0.014508699617520014,0.8415089358427252,0.8043049475794699,0.7147857142857141,45.0,294458.7
Low → High density,RandomForest,0,0.2,tuned,0.8250818582065527,0.013975717403066579,0.8262234706832731,0.8243384305202598,0.6444228457802048,45.0,294458.7
Low → High density,RandomForest,1,0.01,oracle,0.8284481080754198,0.008297157659814433,0.8254597956188139,0.8314766857561688,0.6528483056296144,15.0,98189.6
Low → High density,RandomForest,1,0.01,source,0.8238820250315145,0.008870312996323125,0.8433052153427513,0.8053493293831119,0.7343388075188277,15.0,98189.6
Low → High density,RandomForest,1,0.01,tuned,0.8225197138280503,0.015756175568339196,0.8357642284083221,0.8109419088251482,0.7063936977426166,15.0,98189.6
Low → High density,RandomForest,1,0.05,oracle,0.8339622820749399,0.006493954945040919,0.8297964427005468,0.8381945847439505,0.6533474738707696,15.0,91365.85
Low → High density,RandomForest,1,0.05,source,0.8298340657150648,0.006924006270476583,0.8473050894751972,0.8131008207842758,0.7343388075188277,15.0,91365.85
Low → High density,RandomForest,1,0.05,tuned,0.8324464128963767,0.0068834871318606845,0.8314671873543906,0.8337718377054972,0.6658284699915885,15.0,91365.85
Low → High density,RandomForest,1,0.1,oracle,0.8356176971272792,0.00714835086934055,0.8322633343878751,0.8390441545464344,0.6531708473519903,30.0,175374.75
Low → High density,RandomForest,1,0.1,source,0.831653411798371,0.007538667479142079,0.8496811031682666,0.8144108730945161,0.7343388075188277,30.0,175374.75
Low → High density,RandomForest,1,0.1,tuned,0.8349631191906874,0.007372732985200239,0.8334751396005796,0.8366497202727313,0.6600859141928312,30.0,175374.75
Low → High density,RandomForest,1,0.2,oracle,0.8336100542792652,0.014568827895786191,0.8311084177149803,0.836200432933756,0.6564344252160165,45.0,293924.5
Low → High density,RandomForest,1,0.2,source,0.8292592686423148,0.015663089813858794,0.8475748773611013,0.8118557281484481,0.7343388075188277,45.0,293924.5
Low → High density,RandomForest,1,0.2,tuned,0.8326661235449484,0.01496300687477698,0.8330098299817903,0.8326829810631642,0.6653568290371137,45.0,293924.5
Low → High density,RandomForest,2,0.01,oracle,0.8293852103168744,0.0071243267067074515,0.8290479691614113,0.8297427045708565,0.6395029432369059,15.0,95320.25
Low → High density,RandomForest,2,0.01,source,0.8251541525373325,0.007661438484335987,0.8461105681437807,0.8052437815255249,0.7301048415522098,15.0,95320.25
Low → High density,RandomForest,2,0.01,tuned,0.8271257384805555,0.007878751509714678,0.8258425883911718,0.8291180781734001,0.6422496430431454,15.0,95320.25
Low → High density,RandomForest,2,0.05,oracle,0.8276006339910621,0.0064472651043773,0.8282163653356713,0.8269943434735308,0.6391519608143834,15.0,90723.4
Low → High density,RandomForest,2,0.05,source,0.8231979171623646,0.006926892770518466,0.8454179164383921,0.8021257264890889,0.7301048415522098,15.0,90723.4
Low → High density,RandomForest,2,0.05,tuned,0.8254351275655516,0.006738345948164586,0.8268958813309899,0.8245157622795292,0.648166608509731,15.0,90723.4
Low → High density,RandomForest,2,0.1,oracle,0.8284202032274418,0.01361627122580489,0.8282811591286027,0.8286169462001067,0.6390649177941602,30.0,193029.95
Low → High density,RandomForest,2,0.1,source,0.8239325630502989,0.01418897861325892,0.8454603167092383,0.8035494182368665,0.7301048415522098,30.0,193029.95
Low → High density,RandomForest,2,0.1,tuned,0.8278113068766519,0.013642669293854767,0.8282801116487792,0.82757258660386,0.6415169249596746,30.0,193029.95
Low → High density,RandomForest,2,0.2,oracle,0.8358595732764723,0.011008070395155441,0.8354345242526419,0.8363194342166993,0.6412257414186842,45.0,285547.35
Low → High density,RandomForest,2,0.2,source,0.8320589408256482,0.01172526408230575,0.8516240555086323,0.8134297423677415,0.7301048415522098,45.0,285547.35
Low → High density,RandomForest,2,0.2,tuned,0.8349590373725506,0.011206256308772049,0.8308331707055305,0.8393244525865239,0.6294408686619094,45.0,285547.35
Low → High density,XGBoost,0,0.01,oracle,0.7775748972980052,0.007896876850837372,0.750863050360109,0.8062747004100974,0.8086336225271225,15.0,101300.95
Low → High density,XGBoost,0,0.01,source,0.7646015851661108,0.00759682313000052,0.7026677320675081,0.83852717377886,0.6407693028450012,15.0,101300.95
Low → High density,XGBoost,0,0.01,tuned,0.769205600053842,0.017697638975412867,0.7646861069021895,0.7767645976687438,0.85558702647686,15.0,101300.95
Low → High density,XGBoost,0,0.05,oracle,0.780753116800993,0.004142302270509953,0.7530895784082898,0.8105596033441393,0.8122509568929672,15.0,85959.55
Low → High density,XGBoost,0,0.05,source,0.7674044205414259,0.004172246639658669,0.7040691552747936,0.8432891773902375,0.6407693028450012,15.0,85959.55
Low → High density,XGBoost,0,0.05,tuned,0.7784097845659932,0.003914416305154075,0.7553834333605149,0.8037182831663838,0.8247792601585389,15.0,85959.55
Low → High density,XGBoost,0,0.1,oracle,0.7827241073304517,0.009621915233911043,0.7561338948079449,0.8113181454008682,0.8129976600408554,30.0,176838.95
Low → High density,XGBoost,0,0.1,source,0.7693451607973837,0.009330016720286289,0.707071836269421,0.8436934143651609,0.6407693028450012,30.0,176838.95
Low → High density,XGBoost,0,0.1,tuned,0.779098575896773,0.013988375300767453,0.75537432562091,0.805542528817315,0.8107467621564866,30.0,176838.95
Low → High density,XGBoost,0,0.2,oracle,0.7755205963792197,0.016167549503051354,0.7466836140056692,0.806726306602019,0.8084390759468079,45.0,294458.7
Low → High density,XGBoost,0,0.2,source,0.7622886426423443,0.015590902629504407,0.6983251585623853,0.8392320964216493,0.6407693028450012,45.0,294458.7
Low → High density,XGBoost,0,0.2,tuned,0.7730141608332459,0.01793591309797116,0.7505781078487236,0.7976881222279297,0.825593250989914,45.0,294458.7
Low → High density,XGBoost,1,0.01,oracle,0.7775405691009073,0.010397641576065922,0.757144523434279,0.7991064836834401,0.8448028802871704,15.0,98189.6
Low → High density,XGBoost,1,0.01,source,0.7378887762489202,0.01051615906424327,0.6556784498606689,0.8437117159031704,0.5997377634048462,15.0,98189.6
Low → High density,XGBoost,1,0.01,tuned,0.7626395505927819,0.02727614485664014,0.7800959314529815,0.7523607943709925,0.8892765313386917,15.0,98189.6
Low → High density,XGBoost,1,0.05,oracle,0.7839555395238931,0.007672061734247856,0.7632918809870453,0.8058073639259395,0.8477275103330613,15.0,91365.85
Low → High density,XGBoost,1,0.05,source,0.7441111970811857,0.00760971632995447,0.6616274353555985,0.8501337973511369,0.5997377634048462,15.0,91365.85
Low → High density,XGBoost,1,0.05,tuned,0.7782581462073027,0.018924928712973698,0.7657968305361399,0.7945821543448786,0.8461433559656143,15.0,91365.85
Low → High density,XGBoost,1,0.1,oracle,0.7865893870577032,0.008491828526641647,0.7674459104201501,0.8067471598610666,0.8491153091192245,30.0,175374.75
Low → High density,XGBoost,1,0.1,source,0.7470399979117142,0.008589456760495991,0.6659459575092599,0.8506851940623857,0.5997377634048462,30.0,175374.75
Low → High density,XGBoost,1,0.1,tuned,0.7836706272522209,0.013817867226690747,0.7674641497767118,0.8021468748426898,0.8453289270401001,30.0,175374.75
Low → High density,XGBoost,1,0.2,oracle,0.784169537169404,0.01745360936020021,0.7639567427968588,0.8055487282092815,0.8452781587839127,45.0,293924.5
Low → High density,XGBoost,1,0.2,source,0.7451297479591845,0.01690285835187967,0.6639706133784294,0.8489780726182365,0.5997377634048462,45.0,293924.5
Low → High density,XGBoost,1,0.2,tuned,0.7817999225932434,0.018920932198381056,0.7654751409248994,0.7997579403354217,0.8503735929727554,45.0,293924.5
Low → High density,XGBoost,2,0.01,oracle,0.7871368142430868,0.007958357845334043,0.7609819868539636,0.8151698349727923,0.8231255233287811,15.0,95320.25
Low → High density,XGBoost,2,0.01,source,0.7699249772594243,0.007532671893095596,0.7054208697337986,0.8474369145116745,0.6083706617355347,15.0,95320.25
Low → High density,XGBoost,2,0.01,tuned,0.7800881874109817,0.014407445755241749,0.764123826540317,0.8000506735542059,0.8227263510227203,15.0,95320.25
Low → High density,XGBoost,2,0.05,oracle,0.7851952284396431,0.007498532940316155,0.7596155649577787,0.8125743396628116,0.8214490860700607,15.0,90723.4
Low → High density,XGBoost,2,0.05,source,0.7682049978139315,0.007331974164599583,0.7042287939101091,0.8449859593546334,0.6083706617355347,15.0,90723.4
Low → High density,XGBoost,2,0.05,tuned,0.7746382731610568,0.022055607462346926,0.7750086884672465,0.7784647419548675,0.8597282439470291,15.0,90723.4
Low → High density,XGBoost,2,0.1,oracle,0.7859566908486335,0.015004911817542738,0.7595785518127798,0.8142913451944936,0.8200911670923233,30.0,193029.95
Low → High density,XGBoost,2,0.1,source,0.7690226061717427,0.014914194929772582,0.7046773609574531,0.8463873518963514,0.6083706617355347,30.0,193029.95
Low → High density,XGBoost,2,0.1,tuned,0.7848777669411665,0.014960764152910859,0.7621684226316994,0.8092127598337487,0.8324885070323944,30.0,193029.95
Low → High density,XGBoost,2,0.2,oracle,0.7952119387251434,0.012875762050716385,0.7703503805112987,0.8217747066728753,0.8280400842428207,45.0,285547.35
Low → High density,XGBoost,2,0.2,source,0.7780407312465097,0.012743989675425713,0.7147489649994152,0.8536898505905371,0.6083706617355347,45.0,285547.35
Low → High density,XGBoost,2,0.2,tuned,0.7940136611531413,0.013820050512400801,0.7646090244927384,0.825997369734243,0.8003910392522812,45.0,285547.35
Urban → Highway,GAT,0,0.01,oracle,0.770907718831977,0.004586745603353126,0.8520170618828938,0.703907161752088,0.9081956923007966,90.0,107269.9
Urban → Highway,GAT,0,0.01,source,0.7331580521508967,0.004153316844101314,0.6789256941485946,0.7968212679103758,0.39761295914649963,90.0,107269.9
Urban → Highway,GAT,0,0.01,tuned,0.7617045161199041,0.010530829305972458,0.8626546872679779,0.6876752144480769,0.8899181053042412,90.0,107269.9
Urban → Highway,GAT,0,0.05,oracle,0.7691615535970483,0.007260778509574548,0.8501334380726213,0.7022872852171718,0.9093687951564788,375.0,135892.9
Urban → Highway,GAT,0,0.05,source,0.7304101510615838,0.006115353517628448,0.6744631758954732,0.7964893638087797,0.39761295914649963,375.0,135892.9
Urban → Highway,GAT,0,0.05,tuned,0.7625379665506065,0.008705602054177555,0.847806699403914,0.6982149667863791,0.8719768762588501,375.0,135892.9
Urban → Highway,GAT,0,0.1,oracle,0.7710622967896301,0.00845659493634356,0.8519481961273876,0.7042168176757637,0.9105406284332276,750.0,246119.6
Urban → Highway,GAT,0,0.1,source,0.73231891210834,0.008162725476946771,0.6760114458943874,0.7989025966941676,0.39761295914649963,750.0,246119.6
Urban → Highway,GAT,0,0.1,tuned,0.7686836891387354,0.009635054858321392,0.8519650819774709,0.701755077753652,0.9033775627613068,750.0,246119.6
Urban → Highway,GAT,0,0.2,oracle,0.7743538868950198,0.007760598767464376,0.8558833799462731,0.7070396567411366,0.9141234278678894,1485.0,421313.9
Urban → Highway,GAT,0,0.2,source,0.7344801502928434,0.007915796356447905,0.6783284395940223,0.800813774094751,0.39761295914649963,1485.0,421313.9
Urban → Highway,GAT,0,0.2,tuned,0.7725510497274727,0.006930828828799228,0.8451921041659309,0.7123463486046049,0.8926362156867981,1485.0,421313.9
Urban → Highway,GAT,1,0.01,oracle,0.815798099423842,0.004733017442956615,0.8953237489675143,0.7492567254902015,0.764921885728836,90.0,95825.55
Urban → Highway,GAT,1,0.01,source,0.8091861103144253,0.004656751578193638,0.8495562681683714,0.7724859924381584,0.5493223071098328,90.0,95825.55
Urban → Highway,GAT,1,0.01,tuned,0.8141780749457382,0.005261927843370059,0.8980515459638683,0.7450728793814979,0.7798220068216324,90.0,95825.55
Urban → Highway,GAT,1,0.05,oracle,0.8141204568816052,0.006124337360748557,0.8927415405035042,0.7482387232148535,0.7658785372972489,375.0,129634.1
Urban → Highway,GAT,1,0.05,source,0.8071103551279384,0.006150978829323255,0.8456945584230737,0.7719007844854823,0.5493223071098328,375.0,129634.1
Urban → Highway,GAT,1,0.05,tuned,0.8127445466444074,0.0058797138781459595,0.887441109622122,0.7500346060986048,0.7423132866621017,375.0,129634.1
Urban → Highway,GAT,1,0.1,oracle,0.816065037694664,0.01043278153988685,0.894182910774167,0.7505485501902666,0.76392562687397,750.0,254583.05
Urban → Highway,GAT,1,0.1,source,0.8093606533734754,0.010258073133448753,0.8482799543990508,0.7738909071445261,0.5493223071098328,750.0,254583.05
Urban → Highway,GAT,1,0.1,tuned,0.8151303977576301,0.010630945206819528,0.8928823735219366,0.7502173303404132,0.7584608286619187,750.0,254583.05
Urban → Highway,GAT,1,0.2,oracle,0.8171507038607153,0.0070726080893535725,0.894787207272619,0.7519362248253898,0.7647900283336639,1485.0,396206.55
Urban → Highway,GAT,1,0.2,source,0.8103212704271086,0.007209275767032537,0.8487599773836502,0.7752325622179612,0.5493223071098328,1485.0,396206.55
Urban → Highway,GAT,1,0.2,tuned,0.8168782080049976,0.007110591204529287,0.892716506705541,0.7529854590473115,0.7556637048721313,1485.0,396206.55
Urban → Highway,GAT,2,0.01,oracle,0.7939703968912488,0.004751498110578506,0.9030506700253355,0.7084129276836567,0.93545381128788,90.0,94015.85
Urban → Highway,GAT,2,0.01,source,0.7297898427434917,0.004828786200781581,0.6745871995263046,0.7948412208993184,0.46820974349975586,90.0,94015.85
Urban → Highway,GAT,2,0.01,tuned,0.7918087970807737,0.005760133621179801,0.9090809808036697,0.7018398104239307,0.9422885447740554,90.0,94015.85
Urban → Highway,GAT,2,0.05,oracle,0.793446890876916,0.004937924333806158,0.9030923402427371,0.7075588044346948,0.9364257514476776,375.0,119698.6
Urban → Highway,GAT,2,0.05,source,0.728359744288873,0.005614123145629682,0.6722837602445835,0.7946603869530801,0.46820974349975586,375.0,119698.6
Urban → Highway,GAT,2,0.05,tuned,0.7922797272274563,0.004971562308491703,0.8947468680744237,0.7112978360287343,0.9265964567661286,375.0,119698.6
Urban → Highway,GAT,2,0.1,oracle,0.7943131413755794,0.006426049387965849,0.9026476674585249,0.7092173507623433,0.9348475635051727,750.0,245243.6
Urban → Highway,GAT,2,0.1,source,0.7297062164656554,0.008129926352929591,0.6743879219609797,0.7949629007790112,0.46820974349975586,750.0,245243.6
Urban → Highway,GAT,2,0.1,tuned,0.7938091696964685,0.0064150531189427346,0.8992497158847114,0.7106823496748543,0.9311534345149994,750.0,245243.6
Urban → Highway,GAT,2,0.2,oracle,0.7905062841249842,0.010538735982839924,0.9008181796256023,0.7043105231032583,0.9360087275505066,1485.0,439110.1
Urban → Highway,GAT,2,0.2,source,0.7249680849779602,0.011622899246156651,0.6687890349038597,0.7915250197194249,0.46820974349975586,1485.0,439110.1
Urban → Highway,GAT,2,0.2,tuned,0.7900940777508489,0.010535534458240165,0.8972393607728094,0.7060335203288431,0.9320256739854813,1485.0,439110.1
Urban → Highway,GRU,0,0.01,oracle,0.8307417984651021,0.0032988949732732347,0.8544635643663794,0.8083074825388643,0.9324679285287857,90.0,107269.9
Urban → Highway,GRU,0,0.01,source,0.8067267788309843,0.00344079636722394,0.7687589181127688,0.8486475138165218,0.4672927260398865,90.0,107269.9
Urban → Highway,GRU,0,0.01,tuned,0.825953947616252,0.00546954659040641,0.8747866561014206,0.7828355797068154,0.968610268831253,90.0,107269.9
Urban → Highway,GRU,0,0.05,oracle,0.8298261053210212,0.004567674203044012,0.8530361024808034,0.807857150957593,0.9344225823879242,375.0,135892.9
Urban → Highway,GRU,0,0.05,source,0.8050860322346531,0.004598450534231484,0.7656320140149333,0.8488406461361727,0.4672927260398865,375.0,135892.9
Urban → Highway,GRU,0,0.05,tuned,0.8285257507254918,0.0043840598286883576,0.8541177126882081,0.804867237568701,0.9313620299100875,375.0,135892.9
Urban → Highway,GRU,0,0.1,oracle,0.8310397710656623,0.0049077250509656604,0.8541017086861892,0.8091989333927805,0.9337363213300705,750.0,246119.6
Urban → Highway,GRU,0,0.1,source,0.8063649337397708,0.00563258786685739,0.7670854390817904,0.8499003205481894,0.4672927260398865,750.0,246119.6
Urban → Highway,GRU,0,0.1,tuned,0.8303961720121201,0.005007733816507033,0.8543468320028726,0.8079312860834712,0.9327137976884842,750.0,246119.6
Urban → Highway,GRU,0,0.2,oracle,0.8326180440269916,0.004902744612017939,0.8555913064978073,0.8108683282843145,0.9352086126804352,1485.0,421313.9
Urban → Highway,GRU,0,0.2,source,0.8081269985243138,0.00505242827845895,0.7687369902601754,0.8518026898331257,0.4672927260398865,1485.0,421313.9
Urban → Highway,GRU,0,0.2,tuned,0.8323539892909284,0.004890272529249877,0.8559359047488865,0.8101208521484871,0.936040049791336,1485.0,421313.9
Urban → Highway,GRU,1,0.01,oracle,0.790356575128333,0.004161768462680541,0.837677707257533,0.7480995234592996,0.992904880642891,90.0,95825.55
Urban → Highway,GRU,1,0.01,source,0.7072911568972192,0.005308748272196185,0.6070060231950805,0.847300002632123,0.5025137066841125,90.0,95825.55
Urban → Highway,GRU,1,0.01,tuned,0.7807524529497467,0.012736388473469334,0.870518037845937,0.7094500563596177,0.9965954005718232,90.0,95825.55
Urban → Highway,GRU,1,0.05,oracle,0.788599380558588,0.006391221565488528,0.8342040990012171,0.7477293269243763,0.9929824620485306,375.0,129634.1
Urban → Highway,GRU,1,0.05,source,0.7033514117693617,0.006883714567247362,0.6007965574322276,0.8481554121441693,0.5025137066841125,375.0,129634.1
Urban → Highway,GRU,1,0.05,tuned,0.7875070177560014,0.005879331332348324,0.8335249820818647,0.7469372502938345,0.992275533080101,375.0,129634.1
Urban → Highway,GRU,1,0.1,oracle,0.789491921859787,0.009629319403266737,0.8354479708055873,0.7483579261289524,0.992851859331131,750.0,254583.05
Urban → Highway,GRU,1,0.1,source,0.7053154586019057,0.009582770868860656,0.6038706139071977,0.8477602344032473,0.5025137066841125,750.0,254583.05
Urban → Highway,GRU,1,0.1,tuned,0.7886901479991361,0.009685652081315088,0.8400275164797216,0.7437468631641392,0.993275934457779,750.0,254583.05
Urban → Highway,GRU,1,0.2,oracle,0.7922543901745691,0.00624734532001369,0.8382261285767006,0.7510824922802745,0.9931616216897965,1485.0,396206.55
Urban → Highway,GRU,1,0.2,source,0.7063336014038188,0.007507649551481408,0.6041760916472151,0.8501487757898204,0.5025137066841125,1485.0,396206.55
Urban → Highway,GRU,1,0.2,tuned,0.7911980816092423,0.006304499214862465,0.8303530889664016,0.7561149677719196,0.9914040207862854,1485.0,396206.55
Urban → Highway,GRU,2,0.01,oracle,0.8260642173795645,0.0032992703817537453,0.859826677145245,0.7948692108729232,0.9843468070030212,90.0,94015.85
Urban → Highway,GRU,2,0.01,source,0.7688060138931868,0.0037629738261834122,0.6989752292912216,0.8541449889230591,0.5778083801269531,90.0,94015.85
Urban → Highway,GRU,2,0.01,tuned,0.8196216019451255,0.009550354958992119,0.8798824015883844,0.7681746697433425,0.9911223381757737,90.0,94015.85
Urban → Highway,GRU,2,0.05,oracle,0.8249844805917768,0.003534140552520948,0.8596524603765824,0.7930126896780421,0.9848839044570923,375.0,119698.6
Urban → Highway,GRU,2,0.05,source,0.7672173169228533,0.004044464281376362,0.6970753197254463,0.8530622368414396,0.5778083801269531,375.0,119698.6
Urban → Highway,GRU,2,0.05,tuned,0.8235306860121252,0.004175147666846295,0.8644824087495817,0.7866716357980198,0.9862685352563858,375.0,119698.6
Urban → Highway,GRU,2,0.1,oracle,0.8259214156025338,0.004707850966697643,0.8599125727463637,0.794525949882803,0.9845475286245347,750.0,245243.6
Urban → Highway,GRU,2,0.1,source,0.7684753929024077,0.006111583217063591,0.6984490697794385,0.8541385065102594,0.5778083801269531,750.0,245243.6
Urban → Highway,GRU,2,0.1,tuned,0.8249373371316807,0.004795259586404137,0.8644873356966654,0.7890904952460928,0.9864436000585556,750.0,245243.6
Urban → Highway,GRU,2,0.2,oracle,0.8216197780384192,0.007093647313397191,0.8568642444931699,0.7891913968935882,0.984599593281746,1485.0,439110.1
Urban → Highway,GRU,2,0.2,source,0.7635835078385357,0.008006650636620026,0.6933838736219482,0.8496391436315129,0.5778083801269531,1485.0,439110.1
Urban → Highway,GRU,2,0.2,tuned,0.8211560468578198,0.007246913540312338,0.8576637077624936,0.787805174436256,0.9848623991012573,1485.0,439110.1
Urban → Highway,RAVEN-X,0,0.01,oracle,0.7943801607534016,0.0037792617267767494,0.817619824116667,0.7724329193156725,0.9459551423788071,90.0,107269.9
Urban → Highway,RAVEN-X,0,0.01,source,0.7653527870031744,0.0042345508121958185,0.7030779966179741,0.8397435206349966,0.4772704243659973,90.0,107269.9
Urban → Highway,RAVEN-X,0,0.01,tuned,0.7764886818439899,0.01463291087922299,0.8754611021732025,0.7028315085049972,0.9649405777454376,90.0,107269.9
Urban → Highway,RAVEN-X,0,0.05,oracle,0.7932338829761066,0.004781209819131551,0.8163604174931729,0.7714103311521735,0.9469433516263962,375.0,135892.9
Urban → Highway,RAVEN-X,0,0.05,source,0.7631472468433702,0.00530490949619952,0.6992303073319155,0.8399395477845311,0.4772704243659973,375.0,135892.9
Urban → Highway,RAVEN-X,0,0.05,tuned,0.7885162491944644,0.008490329564240822,0.827642701402534,0.7559689178591387,0.9487946689128876,375.0,135892.9
Urban → Highway,RAVEN-X,0,0.1,oracle,0.7943239614651638,0.005688672354918315,0.8177032477552547,0.7722625939732287,0.9469082713127136,750.0,246119.6
Urban → Highway,RAVEN-X,0,0.1,source,0.7645946719053193,0.0072223744793188565,0.7009123685524197,0.841043285712298,0.4772704243659973,750.0,246119.6
Urban → Highway,RAVEN-X,0,0.1,tuned,0.7905582014953442,0.00658907797236532,0.8285863468148875,0.7580838994148588,0.9505228579044342,750.0,246119.6
Urban → Highway,RAVEN-X,0,0.2,oracle,0.7959389282181365,0.006004097193046018,0.8181709288507882,0.7749007736217586,0.9463483542203903,1485.0,421313.9
Urban → Highway,RAVEN-X,0,0.2,source,0.7667144496082838,0.006645571163804739,0.7033447409060717,0.842682518901467,0.4772704243659973,1485.0,421313.9
Urban → Highway,RAVEN-X,0,0.2,tuned,0.7951421899491169,0.005958076977953857,0.8248779617588082,0.767748532558031,0.9500022858381272,1485.0,421313.9
Urban → Highway,RAVEN-X,1,0.01,oracle,0.8112745015988189,0.003593413927778082,0.8358496074785944,0.7881081432988353,0.860657063126564,90.0,95825.55
Urban → Highway,RAVEN-X,1,0.01,source,0.8043633250848983,0.0038296725840465872,0.7929973031568134,0.8160672114596299,0.5658138990402222,90.0,95825.55
Urban → Highway,RAVEN-X,1,0.01,tuned,0.8059604269330812,0.00643441337942407,0.8645903160718683,0.7575429729394381,0.8868374079465866,90.0,95825.55
Urban → Highway,RAVEN-X,1,0.05,oracle,0.8095736139210524,0.005082120658200063,0.8322334508186818,0.7881207260844005,0.8623235195875167,375.0,129634.1
Urban → Highway,RAVEN-X,1,0.05,source,0.8022052188828198,0.005410742090982851,0.7883979702964389,0.8165106441851618,0.5658138990402222,375.0,129634.1
Urban → Highway,RAVEN-X,1,0.05,tuned,0.8066079510045843,0.005293462706131799,0.8341533429238954,0.7831795957148435,0.8128415107727051,375.0,129634.1
Urban → Highway,RAVEN-X,1,0.1,oracle,0.8106165684835208,0.00890375285733233,0.8341006086390227,0.7884421015551315,0.8606302052736282,750.0,254583.05
Urban → Highway,RAVEN-X,1,0.1,source,0.8035161672469009,0.00901693970863035,0.7909435271655294,0.8165134676528316,0.5658138990402222,750.0,254583.05
Urban → Highway,RAVEN-X,1,0.1,tuned,0.8086162840290756,0.009285589176125151,0.8480698549815854,0.7743382553866052,0.8751203298568726,750.0,254583.05
Urban → Highway,RAVEN-X,1,0.2,oracle,0.8126147104517182,0.0059530074415875085,0.8357127055239231,0.7907792511638485,0.8619599968194962,1485.0,396206.55
Urban → Highway,RAVEN-X,1,0.2,source,0.8055553764381882,0.006233093659051588,0.7927956167035989,0.818760842929442,0.5658138990402222,1485.0,396206.55
Urban → Highway,RAVEN-X,1,0.2,tuned,0.8109942203969511,0.005960896804060484,0.8461537177729778,0.7801466320044385,0.8717712312936783,1485.0,396206.55
Urban → Highway,RAVEN-X,2,0.01,oracle,0.7091172133986355,0.004772245901465268,0.7472362051997326,0.674774545044657,0.9840128391981124,90.0,94015.85
Urban → Highway,RAVEN-X,2,0.01,source,0.6652086301282144,0.004239474339585793,0.5413339883701846,0.862618026780669,0.6786045432090759,90.0,94015.85
Urban → Highway,RAVEN-X,2,0.01,tuned,0.6979568293971483,0.012965513062941903,0.8098662442931802,0.6179717705451316,0.9863030850887299,90.0,94015.85
Urban → Highway,RAVEN-X,2,0.05,oracle,0.7083104654546641,0.005575566795485863,0.7466976444091775,0.673682487948736,0.9841035336256028,375.0,119698.6
Urban → Highway,RAVEN-X,2,0.05,source,0.6627987759513909,0.005814538829017478,0.538232838173667,0.8624325716985671,0.6786045432090759,375.0,119698.6
Urban → Highway,RAVEN-X,2,0.05,tuned,0.7030105673976673,0.0062707380972838005,0.7416540682360248,0.6790131764636756,0.9810235142707825,375.0,119698.6
Urban → Highway,RAVEN-X,2,0.1,oracle,0.7094582483188931,0.00765979082309522,0.7460097439693568,0.6764610237314113,0.9839492738246918,750.0,245243.6
Urban → Highway,RAVEN-X,2,0.1,source,0.6645626399375382,0.009132825722044303,0.5404230035448399,0.8628774473788174,0.6786045432090759,750.0,245243.6
Urban → Highway,RAVEN-X,2,0.1,tuned,0.706267752652751,0.006933628083208559,0.7566483283303892,0.6665047683998039,0.984080645442009,750.0,245243.6
Urban → Highway,RAVEN-X,2,0.2,oracle,0.7038673198145735,0.010462286226093805,0.7447664853697278,0.6673039094211072,0.9842085838317871,1485.0,439110.1
Urban → Highway,RAVEN-X,2,0.2,source,0.6586045023941519,0.011107363061789617,0.5339077830326546,0.8594868167536646,0.6786045432090759,1485.0,439110.1
Urban → Highway,RAVEN-X,2,0.2,tuned,0.7017401868970337,0.0108270443609057,0.7321993001170929,0.6773246132419944,0.9830674290657043,1485.0,439110.1
Urban → Highway,RAVEN-X-GF,0,0.01,oracle,0.8261973367540107,0.0033898034848452675,0.8658610701919092,0.7900195040538806,0.9822387129068375,90.0,107269.9
Urban → Highway,RAVEN-X-GF,0,0.01,source,0.7961283833912226,0.003451482799820887,0.7442509505801428,0.8557933243866553,0.7987158894538879,90.0,107269.9
Urban → Highway,RAVEN-X-GF,0,0.01,tuned,0.8191410157781096,0.007418849564249433,0.9028802517597082,0.7507086119499047,0.9878035753965377,90.0,107269.9
Urban → Highway,RAVEN-X-GF,0,0.05,oracle,0.8254890742519105,0.004825148958087794,0.8662939756646146,0.7883852164527105,0.9827471971511841,375.0,135892.9
Urban → Highway,RAVEN-X-GF,0,0.05,source,0.7942718582435379,0.004432419751161691,0.7406237064802351,0.856311486285627,0.7987158894538879,375.0,135892.9
Urban → Highway,RAVEN-X-GF,0,0.05,tuned,0.8214995356144067,0.003707779690337366,0.8650214039238326,0.7847222123673501,0.9790664702653885,375.0,135892.9
Urban → Highway,RAVEN-X-GF,0,0.1,oracle,0.8267017511099871,0.005317789318697754,0.8667711529157225,0.7901925415361929,0.9825822293758393,750.0,246119.6
Urban → Highway,RAVEN-X-GF,0,0.1,source,0.7958483730007085,0.0057722764316942435,0.7423691167985867,0.8576590883387187,0.7987158894538879,750.0,246119.6
Urban → Highway,RAVEN-X-GF,0,0.1,tuned,0.8255297009097798,0.005276771254487217,0.8703556716886347,0.7857199036793714,0.9828501075506211,750.0,246119.6
Urban → Highway,RAVEN-X-GF,0,0.2,oracle,0.8287182145914448,0.005332302797170707,0.8704864509403111,0.7908030278061533,0.9831166744232178,1485.0,421313.9
Urban → Highway,RAVEN-X-GF,0,0.2,source,0.7971675432889678,0.005579202090356035,0.7440808406852941,0.8584602919913529,0.7987158894538879,1485.0,421313.9
Urban → Highway,RAVEN-X-GF,0,0.2,tuned,0.8275065226206252,0.005485005148208067,0.8646689781059689,0.7940615590175961,0.9815093815326691,1485.0,421313.9
Urban → Highway,RAVEN-X-GF,1,0.01,oracle,0.7335363019553138,0.0059100104983961475,0.8166179744355032,0.6658222766283861,0.9920687437057495,90.0,95825.55
Urban → Highway,RAVEN-X-GF,1,0.01,source,0.5682605926438662,0.007116194094718357,0.4179196372318609,0.8876978772262545,0.752642810344696,90.0,95825.55
Urban → Highway,RAVEN-X-GF,1,0.01,tuned,0.7236861538046354,0.009969746232937808,0.8696825708853799,0.6211298566139742,0.9929985940456391,90.0,95825.55
Urban → Highway,RAVEN-X-GF,1,0.05,oracle,0.7310563135469733,0.00875961215858772,0.8124508859394695,0.6644996210966603,0.9920848101377487,375.0,129634.1
Urban → Highway,RAVEN-X-GF,1,0.05,source,0.5611061296921289,0.007385773799655363,0.4101947556757818,0.8878015236405432,0.752642810344696,375.0,129634.1
Urban → Highway,RAVEN-X-GF,1,0.05,tuned,0.7261431689559706,0.008886200996005459,0.7939752382292637,0.6733451580114396,0.9915907710790635,375.0,129634.1
Urban → Highway,RAVEN-X-GF,1,0.1,oracle,0.7323008190722191,0.012732692458744596,0.8149023530453299,0.6649356534874017,0.9920977562665939,750.0,254583.05
Urban → Highway,RAVEN-X-GF,1,0.1,source,0.5642903622823141,0.009343393167594825,0.4134212709454683,0.8887047125810931,0.752642810344696,750.0,254583.05
Urban → Highway,RAVEN-X-GF,1,0.1,tuned,0.7304084571400586,0.013170798582667325,0.8085696936561597,0.6676794088427097,0.9919417113065719,750.0,254583.05
Urban → Highway,RAVEN-X-GF,1,0.2,oracle,0.7363890878124076,0.008192554163671326,0.8182582603901194,0.6694278262755411,0.9921394109725952,1485.0,396206.55
Urban → Highway,RAVEN-X-GF,1,0.2,source,0.5641881653018501,0.010361853693816038,0.41296779753054713,0.8905230906034012,0.752642810344696,1485.0,396206.55
Urban → Highway,RAVEN-X-GF,1,0.2,tuned,0.7335740435938702,0.007925546250561218,0.7971371299221269,0.6814529433185259,0.9916789948940277,1485.0,396206.55
Urban → Highway,RAVEN-X-GF,2,0.01,oracle,0.8031038114893926,0.004052334861232525,0.8612223758784561,0.7523489029214947,0.987277752161026,90.0,94015.85
Urban → Highway,RAVEN-X-GF,2,0.01,source,0.7382771868105198,0.0039852315238563425,0.6449730247035608,0.8631559196826174,0.7693889737129211,90.0,94015.85
Urban → Highway,RAVEN-X-GF,2,0.01,tuned,0.7950236864521785,0.00918740916130376,0.8967524412151278,0.7158398721189941,0.989593917131424,90.0,94015.85
Urban → Highway,RAVEN-X-GF,2,0.05,oracle,0.8023140425454974,0.004548628424987764,0.860819816839563,0.751261561657161,0.9873875319957733,375.0,119698.6
Urban → Highway,RAVEN-X-GF,2,0.05,source,0.7363572519296869,0.004791380609689508,0.6422047263829178,0.8628842738294731,0.7693889737129211,375.0,119698.6
Urban → Highway,RAVEN-X-GF,2,0.05,tuned,0.799737306395716,0.005910144013833188,0.8540843613051671,0.753653318941256,0.9864825963973999,375.0,119698.6
Urban → Highway,RAVEN-X-GF,2,0.1,oracle,0.8033530649611459,0.005508805356374216,0.8612232951201072,0.7527941274824771,0.9873115062713623,750.0,245243.6
Urban → Highway,RAVEN-X-GF,2,0.1,source,0.7374495677535722,0.00728399494245193,0.6439268674413726,0.862820394718437,0.7693889737129211,750.0,245243.6
Urban → Highway,RAVEN-X-GF,2,0.1,tuned,0.802453492331294,0.00558007910661344,0.8634524924788376,0.7500301442552142,0.9874114394187927,750.0,245243.6
Urban → Highway,RAVEN-X-GF,2,0.2,oracle,0.7987462763917128,0.00830795400702364,0.858995318617756,0.7464175993153688,0.9874047845602035,1485.0,439110.1
Urban → Highway,RAVEN-X-GF,2,0.2,source,0.7330402119542441,0.009381371306525426,0.6391651816744498,0.8593408290231851,0.7693889737129211,1485.0,439110.1
Urban → Highway,RAVEN-X-GF,2,0.2,tuned,0.7978641564253587,0.0082258600060134,0.8580470900473369,0.746160064300876,0.9872623801231384,1485.0,439110.1
Urban → Highway,RandomForest,0,0.01,oracle,0.8568607014313949,0.002895776810769057,0.9131268301756394,0.8071340573632524,0.6811944444444444,90.0,107269.9
Urban → Highway,RandomForest,0,0.01,source,0.8472139274621153,0.002938095334992026,0.871824250992576,0.8239620500908632,0.5515767195767196,90.0,107269.9
Urban → Highway,RandomForest,0,0.01,tuned,0.8554661212621643,0.0037818482529430445,0.9127072503694162,0.8051350288258954,0.6855133303513499,90.0,107269.9
Urban → Highway,RandomForest,0,0.05,oracle,0.856152253990316,0.004480878252242595,0.9116624244976977,0.8070257443960378,0.6811944444444444,375.0,135892.9
Urban → Highway,RandomForest,0,0.05,source,0.8463657618092256,0.004452984425702508,0.8700038440031784,0.8239865184452704,0.5515767195767196,375.0,135892.9
Urban → Highway,RandomForest,0,0.05,tuned,0.8557669713197601,0.004417174491899939,0.9108713249533993,0.8070029151500622,0.6795127905623829,375.0,135892.9
Urban → Highway,RandomForest,0,0.1,oracle,0.8579089091620868,0.004137799677862412,0.9126114611839578,0.8094096887295603,0.6812,750.0,246119.6
Urban → Highway,RandomForest,0,0.1,source,0.8481039810443954,0.004109726627182077,0.8711709497299651,0.8262418192297817,0.5515767195767196,750.0,246119.6
Urban → Highway,RandomForest,0,0.1,tuned,0.8575156394011219,0.004020865439864187,0.9108538106900388,0.8101551474090114,0.6751281570230384,750.0,246119.6
Urban → Highway,RandomForest,0,0.2,oracle,0.8590237161195731,0.005361429182444029,0.9138643942751242,0.8104219756469734,0.6808825487778365,1485.0,421313.9
Urban → Highway,RandomForest,0,0.2,source,0.8492964360711127,0.00529413720997035,0.872833307125572,0.8270219815747412,0.5515767195767196,1485.0,421313.9
Urban → Highway,RandomForest,0,0.2,tuned,0.8587654031196861,0.005278024329716993,0.91198890695191,0.8114594777310252,0.6736229676025729,1485.0,421313.9
Urban → Highway,RandomForest,1,0.01,oracle,0.8557036806295452,0.003571172441641399,0.9109788753537424,0.8067611321191981,0.6775124494242142,90.0,95825.55
Urban → Highway,RandomForest,1,0.01,source,0.8391210494404557,0.0036540172546770462,0.85073179711679,0.827829101203062,0.5048650793650793,90.0,95825.55
Urban → Highway,RandomForest,1,0.01,tuned,0.8540500674044814,0.0044521978259655,0.910255638769612,0.8046380476993515,0.6794034532729938,90.0,95825.55
Urban → Highway,RandomForest,1,0.05,oracle,0.8543643918935686,0.005491766050802734,0.9090751757710965,0.8058815393022687,0.6773236694677871,375.0,129634.1
Urban → Highway,RandomForest,1,0.05,source,0.8375598600974412,0.005626691938393828,0.8480365791531475,0.8273486546104678,0.5048650793650793,375.0,129634.1
Urban → Highway,RandomForest,1,0.05,tuned,0.8536590665918198,0.005659076888483622,0.9093472744309787,0.8044882928537944,0.6817448776749923,375.0,129634.1
Urban → Highway,RandomForest,1,0.1,oracle,0.8571764889183997,0.008169489365893533,0.9098922509822256,0.8102684347221686,0.676945580454404,750.0,254583.05
Urban → Highway,RandomForest,1,0.1,source,0.8404566843358292,0.008312518287622037,0.8497570435703283,0.8313768099367479,0.5048650793650793,750.0,254583.05
Urban → Highway,RandomForest,1,0.1,tuned,0.8568449556678436,0.00819623774304055,0.9095828574722864,0.8099669357203074,0.6773882932878654,750.0,254583.05
Urban → Highway,RandomForest,1,0.2,oracle,0.8577804258439679,0.005968613115110288,0.9108194920137743,0.8106114522370695,0.6770105119825709,1485.0,396206.55
Urban → Highway,RandomForest,1,0.2,source,0.8410809089776246,0.005867244698130596,0.8509196871199786,0.8315002367061972,0.5048650793650793,1485.0,396206.55
Urban → Highway,RandomForest,1,0.2,tuned,0.8575923787531788,0.006143942107556738,0.9107249829923034,0.8103771797705029,0.6773123079840143,1485.0,396206.55
Urban → Highway,RandomForest,2,0.01,oracle,0.856431591371863,0.0038967453133861183,0.912354501080547,0.806982357808614,0.690764331793937,90.0,94015.85
Urban → Highway,RandomForest,2,0.01,source,0.845514699523952,0.0038769860727057345,0.8665081689935527,0.8255272605179382,0.5500952380952381,90.0,94015.85
Urban → Highway,RandomForest,2,0.01,tuned,0.8555566111026179,0.004265934629435921,0.9138699604431506,0.8043514939114027,0.7007932954925544,90.0,94015.85
Urban → Highway,RandomForest,2,0.05,oracle,0.8563308140853015,0.0033036272404728343,0.9119271038073402,0.8071303109859977,0.6911515610851137,375.0,119698.6
Urban → Highway,RandomForest,2,0.05,source,0.8453073605895696,0.0032464482499019423,0.8658711953342694,0.8257030282987337,0.5500952380952381,375.0,119698.6
Urban → Highway,RandomForest,2,0.05,tuned,0.8557850673088216,0.0034319821340516956,0.9102224392842588,0.8075702697128815,0.6865285540303036,375.0,119698.6
Urban → Highway,RandomForest,2,0.1,oracle,0.8562666228283723,0.0048027275853273444,0.9126956782651219,0.8064266529907573,0.6901223744287118,750.0,245243.6
Urban → Highway,RandomForest,2,0.1,source,0.8453230892400517,0.004867421388367392,0.866886545345969,0.8248232498115934,0.5500952380952381,750.0,245243.6
Urban → Highway,RandomForest,2,0.1,tuned,0.8560387301511753,0.0048660878543463765,0.9131142254069085,0.8057346039234039,0.6929365702176705,750.0,245243.6
Urban → Highway,RandomForest,2,0.2,oracle,0.853225442313788,0.008703617648091761,0.9095766039609827,0.80351407076946,0.6893932223328483,1485.0,439110.1
Urban → Highway,RandomForest,2,0.2,source,0.8420930877141675,0.008744002633357704,0.86342825651085,0.821834208081418,0.5500952380952381,1485.0,439110.1
Urban → Highway,RandomForest,2,0.2,tuned,0.8530133867305443,0.00864313148227287,0.908894226926801,0.8037009891819016,0.6874960907329168,1485.0,439110.1
Urban → Highway,XGBoost,0,0.01,oracle,0.8459882007622271,0.0029667128692222183,0.8999889545686998,0.7981081678415088,0.7642382144927978,90.0,107269.9
Urban → Highway,XGBoost,0,0.01,source,0.8333383986419778,0.003028311243685394,0.8461137335549533,0.8209505199584702,0.5279899835586548,90.0,107269.9
Urban → Highway,XGBoost,0,0.01,tuned,0.8443129874052178,0.005250007956859432,0.9025164722597314,0.793388512379989,0.7805398166179657,90.0,107269.9
Urban → Highway,XGBoost,0,0.05,oracle,0.8449861442894235,0.004803763356609175,0.8980963372290462,0.7978149268989981,0.7641158550977707,375.0,135892.9
Urban → Highway,XGBoost,0,0.05,source,0.8321014401146414,0.004640114278068817,0.8436433812253308,0.8208780783511692,0.5279899835586548,375.0,135892.9
Urban → Highway,XGBoost,0,0.05,tuned,0.8440692185725011,0.00471461526091886,0.8952752069336825,0.7985993136659524,0.7495328158140182,375.0,135892.9
Urban → Highway,XGBoost,0,0.1,oracle,0.8469518420268928,0.004663690140742279,0.8990142838694943,0.8006044578498125,0.7629149556159973,750.0,246119.6
Urban → Highway,XGBoost,0,0.1,source,0.8339434962255561,0.004677477895210105,0.8448563415615201,0.823325057492931,0.5279899835586548,750.0,246119.6
Urban → Highway,XGBoost,0,0.1,tuned,0.8462649847898458,0.004935689930585409,0.8965907603405558,0.8014440499388116,0.749832022190094,750.0,246119.6
Urban → Highway,XGBoost,0,0.2,oracle,0.8481121110654053,0.005640869467439022,0.9003640132690107,0.8016165170740537,0.7632413625717163,1485.0,421313.9
Urban → Highway,XGBoost,0,0.2,source,0.8351490172689049,0.005528339630263466,0.846743244015858,0.8238936356733226,0.5279899835586548,1485.0,421313.9
Urban → Highway,XGBoost,0,0.2,tuned,0.8477339923607673,0.005487409471748312,0.897782245238029,0.8030582318191193,0.7485728770494461,1485.0,421313.9
Urban → Highway,XGBoost,1,0.01,oracle,0.844409232622233,0.0038412155357481965,0.8958173918596618,0.7985885337027415,0.7397510558366776,90.0,95825.55
Urban → Highway,XGBoost,1,0.01,source,0.8378995204606496,0.0037841549044622977,0.860209033461898,0.816724867682151,0.5427576899528503,90.0,95825.55
Urban → Highway,XGBoost,1,0.01,tuned,0.8431745259855326,0.004269204863315741,0.8935143908811254,0.7984805624698912,0.7279538869857788,90.0,95825.55
Urban → Highway,XGBoost,1,0.05,oracle,0.8427531262496657,0.005723904474844416,0.8935440779484886,0.797444969139095,0.7402666747570038,375.0,129634.1
Urban → Highway,XGBoost,1,0.05,source,0.8361425933974778,0.005709231448087624,0.8574229280747693,0.8159047682749518,0.5427576899528503,375.0,129634.1
Urban → Highway,XGBoost,1,0.05,tuned,0.8422573388745306,0.005657117683989324,0.8890942262234833,0.8002137203857931,0.7136519223451614,375.0,129634.1
Urban → Highway,XGBoost,1,0.1,oracle,0.8457082369173617,0.008512220451290194,0.8935978030531265,0.8027025054193917,0.7325316488742828,750.0,254583.05
Urban → Highway,XGBoost,1,0.1,source,0.8391301754343727,0.0083595700728235,0.8591145541496636,0.8200779247590487,0.5427576899528503,750.0,254583.05
Urban → Highway,XGBoost,1,0.1,tuned,0.8448563949248481,0.008813100621950242,0.8916049770836626,0.8030570833375856,0.7205763339996338,750.0,254583.05
Urban → Highway,XGBoost,1,0.2,oracle,0.8463069360759071,0.006216494087278547,0.8950405161985211,0.8026354608580627,0.736500683426857,1485.0,396206.55
Urban → Highway,XGBoost,1,0.2,source,0.8397177200351861,0.006031940308260303,0.8600941090869846,0.8203159048117742,0.5427576899528503,1485.0,396206.55
Urban → Highway,XGBoost,1,0.2,tuned,0.8458202618019273,0.006423192149768082,0.8918244859953364,0.8044872638842323,0.7160984605550766,1485.0,396206.55
Urban → Highway,XGBoost,2,0.01,oracle,0.8470095431787478,0.003962119328328559,0.8909311681478869,0.807230982037856,0.6951091527938843,90.0,94015.85
Urban → Highway,XGBoost,2,0.01,source,0.8417583605017118,0.003943460678437882,0.8633596876099368,0.8212247287844153,0.5273496508598328,90.0,94015.85
Urban → Highway,XGBoost,2,0.01,tuned,0.8453183391837047,0.004519570356338741,0.8951489905093328,0.801089036894358,0.7255194127559662,90.0,94015.85
Urban → Highway,XGBoost,2,0.05,oracle,0.8467659916581493,0.003420587634947147,0.890721988902162,0.8069487942297968,0.6984630256891251,375.0,119698.6
Urban → Highway,XGBoost,2,0.05,source,0.8415043832813319,0.0033249252705957475,0.8627060519621896,0.82132507998158,0.5273496508598328,375.0,119698.6
Urban → Highway,XGBoost,2,0.05,tuned,0.8450163721275994,0.0059794299323242235,0.8931809268471657,0.8021660815598617,0.7154151171445846,375.0,119698.6
Urban → Highway,XGBoost,2,0.1,oracle,0.8468488687845547,0.004975625931272165,0.8929729374489881,0.805269689320907,0.7069627702236175,750.0,245243.6
Urban → Highway,XGBoost,2,0.1,source,0.841549460162701,0.00495657019195151,0.8637493001908151,0.8204788172437869,0.5273496508598328,750.0,245243.6
Urban → Highway,XGBoost,2,0.1,tuned,0.8465157259990519,0.004928712818653456,0.8900924091944658,0.8071137990981272,0.6845757305622101,750.0,245243.6
Urban → Highway,XGBoost,2,0.2,oracle,0.8436469746425843,0.008770545760619837,0.8887770026345182,0.8029273525323616,0.7004819869995117,1485.0,439110.1
Urban → Highway,XGBoost,2,0.2,source,0.8383201237512953,0.008757873490608584,0.8601522750208174,0.8176137813220604,0.5273496508598328,1485.0,439110.1
Urban → Highway,XGBoost,2,0.2,tuned,0.8433456038561523,0.008774861488556449,0.8888472670681675,0.8024433632419197,0.6994816869497299,1485.0,439110.1
highway_2 → urban_2,RAVEN-X,0,0.01,oracle,0.8814035110953398,0.0005995880604961911,0.9334460959432548,0.8348577802338772,0.9491318464279175,30.0,12756.2
highway_2 → urban_2,RAVEN-X,0,0.01,source,0.8740178045365132,0.0005979816688614108,0.8862742998422831,0.8620959141223338,0.8697706460952759,30.0,12756.2
highway_2 → urban_2,RAVEN-X,0,0.01,tuned,0.8797968191907778,0.0014149742914761807,0.9341213159111245,0.8318833667896085,0.9478588551282883,30.0,12756.2
highway_2 → urban_2,RAVEN-X,0,0.05,oracle,0.8813646985210907,0.0015208184638205889,0.9335036523486681,0.8347435671499737,0.9492435306310654,120.0,51310.95
highway_2 → urban_2,RAVEN-X,0,0.05,source,0.8739925884327595,0.0015692983199483775,0.8862472303531241,0.8620734485849262,0.8697706460952759,120.0,51310.95
highway_2 → urban_2,RAVEN-X,0,0.05,tuned,0.8806634933686487,0.001575368032771963,0.9334262470317185,0.8336972721682008,0.9487384498119354,120.0,51310.95
highway_2 → urban_2,RAVEN-X,0,0.1,oracle,0.8811718604556118,0.001963248219926314,0.9334507066469347,0.834441549587018,0.9492379069328308,240.0,104555.0
highway_2 → urban_2,RAVEN-X,0,0.1,source,0.8736134459907838,0.0019040398882100463,0.8859536816840811,0.8616148982044459,0.8697706460952759,240.0,104555.0
highway_2 → urban_2,RAVEN-X,0,0.1,tuned,0.8803849692373047,0.0018751140635968994,0.9309377305810551,0.8352089462567092,0.9463642448186874,240.0,104555.0
highway_2 → urban_2,RAVEN-X,0,0.2,oracle,0.8819079247988849,0.002817345046185383,0.9335564131178886,0.8356814164357307,0.9491078108549118,465.0,195892.25
highway_2 → urban_2,RAVEN-X,0,0.2,source,0.874448098660259,0.0026721313347809013,0.8864968620549473,0.8627272452712866,0.8697706460952759,465.0,195892.25
highway_2 → urban_2,RAVEN-X,0,0.2,tuned,0.8816169067153258,0.002891814501914131,0.9335792218861428,0.8351791756760262,0.9492453545331955,465.0,195892.25
highway_2 → urban_2,RAVEN-X,1,0.01,oracle,0.8759397501555014,0.0006608034381554698,0.9033138937296592,0.850182406036603,0.8419104158878327,30.0,13141.35
highway_2 → urban_2,RAVEN-X,1,0.01,source,0.8758963818740562,0.0006562283291339988,0.901662604252475,0.8515620641937035,0.8350110054016113,30.0,13141.35
highway_2 → urban_2,RAVEN-X,1,0.01,tuned,0.8722768116593429,0.003863735817247625,0.9101971818413401,0.8386556495492625,0.8347621232271194,30.0,13141.35
highway_2 → urban_2,RAVEN-X,1,0.05,oracle,0.875871419337187,0.0012368706507222436,0.902741646616408,0.850560698002836,0.8406480997800827,120.0,51504.65
highway_2 → urban_2,RAVEN-X,1,0.05,source,0.8758290425615518,0.0012335199228466563,0.9013945024816652,0.8516756390402815,0.8350110054016113,120.0,51504.65
highway_2 → urban_2,RAVEN-X,1,0.05,tuned,0.8746108400063815,0.0015102069482961977,0.9057510548262963,0.8459705897782428,0.8410335093736648,120.0,51504.65
highway_2 → urban_2,RAVEN-X,1,0.1,oracle,0.8758445736749124,0.0021968593983636535,0.9027742715886662,0.8504827153539699,0.8412099868059159,240.0,103844.25
highway_2 → urban_2,RAVEN-X,1,0.1,source,0.8757924925560607,0.002194668677834913,0.9012372481322399,0.851748878506221,0.8350110054016113,240.0,103844.25
highway_2 → urban_2,RAVEN-X,1,0.1,tuned,0.8749127313245362,0.002997448245447186,0.9072168197406942,0.8451130088704136,0.8533067673444747,240.0,103844.25
highway_2 → urban_2,RAVEN-X,1,0.2,oracle,0.8761386160193803,0.0019547631592145773,0.9046055206274689,0.8494178205706046,0.8462720721960068,465.0,197895.85
highway_2 → urban_2,RAVEN-X,1,0.2,source,0.8760643857758529,0.0019548875300033535,0.901848511743333,0.8517162577636418,0.8350110054016113,465.0,197895.85
highway_2 → urban_2,RAVEN-X,1,0.2,tuned,0.8754892840943989,0.0021865879419821718,0.9043141009477388,0.8485862487082183,0.8421748608350754,465.0,197895.85
highway_2 → urban_2,RAVEN-X,2,0.01,oracle,0.8784884536725025,0.0005425604062946677,0.930284219903483,0.8321565442621084,0.9469924807548523,30.0,13126.3
highway_2 → urban_2,RAVEN-X,2,0.01,source,0.8699754239312973,0.0005144498499246815,0.8784104534316122,0.8617011149775653,0.825980007648468,30.0,13126.3
highway_2 → urban_2,RAVEN-X,2,0.01,tuned,0.8752148603082727,0.003756372404591868,0.9302561883909771,0.8274303442655448,0.9359422355890274,30.0,13126.3
highway_2 → urban_2,RAVEN-X,2,0.05,oracle,0.8784074249036087,0.001059046504401744,0.9303267651216783,0.8319784658284982,0.9472371309995651,120.0,50048.55
highway_2 → urban_2,RAVEN-X,2,0.05,source,0.8698082592923653,0.0010121616591314084,0.8780941686221408,0.8616782175058274,0.825980007648468,120.0,50048.55
highway_2 → urban_2,RAVEN-X,2,0.05,tuned,0.8775534830086675,0.0022144450533369687,0.9283807106217598,0.8322470810677473,0.9432309448719025,120.0,50048.55
highway_2 → urban_2,RAVEN-X,2,0.1,oracle,0.879143026907316,0.0017614073553589712,0.9307045960061939,0.8329975121869584,0.947301122546196,240.0,101120.2
highway_2 → urban_2,RAVEN-X,2,0.1,source,0.8705982823665301,0.0016930044986033911,0.8788521666010144,0.8625014052795714,0.825980007648468,240.0,101120.2
highway_2 → urban_2,RAVEN-X,2,0.1,tuned,0.8783550714750721,0.0017573409768382115,0.930074879267373,0.8323238974866058,0.9447658479213714,240.0,101120.2
highway_2 → urban_2,RAVEN-X,2,0.2,oracle,0.8779021656743684,0.002847644717833193,0.9300957364847144,0.8312670027197082,0.9468997776508331,465.0,200351.45
highway_2 → urban_2,RAVEN-X,2,0.2,source,0.8694878596444564,0.0029480897645827214,0.8779533426232273,0.861191150267306,0.825980007648468,465.0,200351.45
highway_2 → urban_2,RAVEN-X,2,0.2,tuned,0.8775495507541068,0.003014366167206775,0.9324061600910053,0.8288663965911501,0.9492374986410141,465.0,200351.45
highway_2 → urban_2,RAVEN-X-GF,0,0.01,oracle,0.903887760756457,0.0005243625233187876,0.9643865519805365,0.8505316859423319,0.7617879807949066,30.0,12756.2
highway_2 → urban_2,RAVEN-X-GF,0,0.01,source,0.897601386597319,0.0005354652974462298,0.934961237816806,0.8631127353912007,0.46481743454933167,30.0,12756.2
highway_2 → urban_2,RAVEN-X-GF,0,0.01,tuned,0.9019713754016931,0.0028682967049698436,0.966940230153108,0.8453973434369455,0.7789199098944664,30.0,12756.2
highway_2 → urban_2,RAVEN-X-GF,0,0.05,oracle,0.9038368561276228,0.001271531879482862,0.9642928563310431,0.8505159502676978,0.7624530673027039,120.0,51310.95
highway_2 → urban_2,RAVEN-X-GF,0,0.05,source,0.897545139039926,0.001264077597381833,0.9348169485966116,0.8631331023961663,0.46481743454933167,120.0,51310.95
highway_2 → urban_2,RAVEN-X-GF,0,0.05,tuned,0.9033173666583331,0.0012270963239371883,0.9648241813176434,0.8492431578215067,0.7647209018468857,120.0,51310.95
highway_2 → urban_2,RAVEN-X-GF,0,0.1,oracle,0.9034771014638416,0.0018244813690274642,0.9642509009597842,0.8499130751119722,0.762367057800293,240.0,104555.0
highway_2 → urban_2,RAVEN-X-GF,0,0.1,source,0.8971498678588423,0.0019405757952028122,0.934636410162577,0.8625568492299754,0.46481743454933167,240.0,104555.0
highway_2 → urban_2,RAVEN-X-GF,0,0.1,tuned,0.9032023039566546,0.0019259094514367978,0.9650672912834232,0.8488177749324926,0.7743992149829865,240.0,104555.0
highway_2 → urban_2,RAVEN-X-GF,0,0.2,oracle,0.9042440155355024,0.0025221049064529906,0.9649046261507793,0.8507646071107619,0.7653009474277497,465.0,195892.25
highway_2 → urban_2,RAVEN-X-GF,0,0.2,source,0.8979747737971074,0.002446530357611278,0.9353876581245222,0.8634461796083286,0.46481743454933167,465.0,195892.25
highway_2 → urban_2,RAVEN-X-GF,0,0.2,tuned,0.9039386193176803,0.002538856635209548,0.9650484972267337,0.8501434410506425,0.7660971105098724,465.0,195892.25
highway_2 → urban_2,RAVEN-X-GF,1,0.01,oracle,0.9057637551116953,0.00048051259696990596,0.9557268126795468,0.8607653491295709,0.7144803941249848,30.0,13141.35
highway_2 → urban_2,RAVEN-X-GF,1,0.01,source,0.9018069913663709,0.0004503885614177979,0.9320382303635931,0.8734754860152982,0.4943256080150604,30.0,13141.35
highway_2 → urban_2,RAVEN-X-GF,1,0.01,tuned,0.9034765567619253,0.0020392287684903023,0.9536289413796583,0.8586829175640774,0.7000197619199753,30.0,13141.35
highway_2 → urban_2,RAVEN-X-GF,1,0.05,oracle,0.9057213837772224,0.0010409502685515054,0.9556069786340355,0.8607874555712189,0.7147497802972793,120.0,51504.65
highway_2 → urban_2,RAVEN-X-GF,1,0.05,source,0.9018310362629597,0.0010279656083031095,0.9319589482275843,0.8735917519238706,0.4943256080150604,120.0,51504.65
highway_2 → urban_2,RAVEN-X-GF,1,0.05,tuned,0.9051711317165445,0.0011570654720911991,0.9570316351390981,0.8587070282920795,0.7331739693880082,120.0,51504.65
highway_2 → urban_2,RAVEN-X-GF,1,0.1,oracle,0.9057706935687693,0.0019612356579023623,0.9554289856745294,0.8610234610323028,0.7146919220685959,240.0,103844.25
highway_2 → urban_2,RAVEN-X-GF,1,0.1,source,0.9018319147397771,0.001914179258805878,0.9316772420283316,0.8738431082786564,0.4943256080150604,240.0,103844.25
highway_2 → urban_2,RAVEN-X-GF,1,0.1,tuned,0.9052694293611074,0.0018824990115649492,0.9555742238064375,0.860067392395934,0.7214924156665802,240.0,103844.25
highway_2 → urban_2,RAVEN-X-GF,1,0.2,oracle,0.9059135593973053,0.0013086114080843752,0.9552947159733642,0.8613895466082869,0.7074161022901535,465.0,197895.85
highway_2 → urban_2,RAVEN-X-GF,1,0.2,source,0.9020852963687844,0.0012961931237906084,0.932283318601914,0.8737840204040209,0.4943256080150604,465.0,197895.85
highway_2 → urban_2,RAVEN-X-GF,1,0.2,tuned,0.9056839978453244,0.0013598107533356995,0.9551294581965001,0.861122720487552,0.7067890793085099,465.0,197895.85
highway_2 → urban_2,RAVEN-X-GF,2,0.01,oracle,0.8897710206201817,0.000520394921615892,0.9450439357910098,0.840610572546147,0.9084198027849197,30.0,13126.3
highway_2 → urban_2,RAVEN-X-GF,2,0.01,source,0.8808669472175499,0.000521545327834813,0.8970710717572714,0.8652380797281959,0.6741562485694885,30.0,13126.3
highway_2 → urban_2,RAVEN-X-GF,2,0.01,tuned,0.8876931677004828,0.0019406709356082292,0.9455243239466622,0.837094841579294,0.897280466556549,30.0,13126.3
highway_2 → urban_2,RAVEN-X-GF,2,0.05,oracle,0.8897623583149867,0.0009876397628757938,0.9456573453760482,0.8401125687484177,0.9100207448005676,120.0,50048.55
highway_2 → urban_2,RAVEN-X-GF,2,0.05,source,0.8807695302308067,0.0009315131910612905,0.8969205450947502,0.8651906148795238,0.6741562485694885,120.0,50048.55
highway_2 → urban_2,RAVEN-X-GF,2,0.05,tuned,0.8889329933500415,0.001749078981114645,0.9457040655297357,0.8387993894901496,0.9075410753488541,120.0,50048.55
highway_2 → urban_2,RAVEN-X-GF,2,0.1,oracle,0.8903122469985769,0.0016801192994824038,0.9458781405776419,0.8409199783278665,0.9095834881067276,240.0,101120.2
highway_2 → urban_2,RAVEN-X-GF,2,0.1,source,0.8814186125217118,0.0014471225773968522,0.8976005350696321,0.8658123814867975,0.6741562485694885,240.0,101120.2
highway_2 → urban_2,RAVEN-X-GF,2,0.1,tuned,0.8895441655162534,0.0017598044567038783,0.9450633126466295,0.8403800022239041,0.9036765456199646,240.0,101120.2
highway_2 → urban_2,RAVEN-X-GF,2,0.2,oracle,0.8889794767258776,0.0027115120095050375,0.9446097129777394,0.8395495282770886,0.9078854233026504,465.0,200351.45
highway_2 → urban_2,RAVEN-X-GF,2,0.2,source,0.8801986901912981,0.002698193909288474,0.896602870245288,0.8643892557839467,0.6741562485694885,465.0,200351.45
highway_2 → urban_2,RAVEN-X-GF,2,0.2,tuned,0.8887122382613348,0.002768798581331989,0.9444475565691249,0.8392339527350607,0.907402503490448,465.0,200351.45
highway_2 → urban_2,XGBoost,0,0.01,oracle,0.8760035790893154,0.0007088539987496154,0.9584725684820545,0.8066055518244462,0.7235944151878357,30.0,12756.2
highway_2 → urban_2,XGBoost,0,0.01,source,0.8745777635956206,0.0007164156644023272,0.9449881761557135,0.8139327169443762,0.6407693028450012,30.0,12756.2
highway_2 → urban_2,XGBoost,0,0.01,tuned,0.8747239643583479,0.0016874497009442323,0.9616218531217751,0.802389632031572,0.7526993304491043,30.0,12756.2
highway_2 → urban_2,XGBoost,0,0.05,oracle,0.875958978941928,0.001793554271470163,0.9585577147787487,0.8064691845659171,0.7248276621103287,120.0,51310.95
highway_2 → urban_2,XGBoost,0,0.05,source,0.8745230333711348,0.001771533405668052,0.9448708596002007,0.8139274083740992,0.6407693028450012,120.0,51310.95
highway_2 → urban_2,XGBoost,0,0.05,tuned,0.8754295303832521,0.0017644908829082258,0.9612225332192516,0.8037707591837832,0.74724101126194,120.0,51310.95
highway_2 → urban_2,XGBoost,0,0.1,oracle,0.8755860897235547,0.0022317498590548627,0.958678390067381,0.8057566931017561,0.7265168458223343,240.0,104555.0
highway_2 → urban_2,XGBoost,0,0.1,source,0.8741191292827534,0.002232409264228555,0.9447453898946938,0.8133219703260751,0.6407693028450012,240.0,104555.0
highway_2 → urban_2,XGBoost,0,0.1,tuned,0.8752432977880684,0.002282971784380602,0.9586250611031305,0.805257333652882,0.7286785185337067,240.0,104555.0
highway_2 → urban_2,XGBoost,0,0.2,oracle,0.876613263192769,0.002600692381544689,0.9586673167670074,0.8075091821144902,0.7245514094829559,465.0,195892.25
highway_2 → urban_2,XGBoost,0,0.2,source,0.8752039761964359,0.0025489044455057766,0.9451547656586776,0.8149010018823744,0.6407693028450012,465.0,195892.25
highway_2 → urban_2,XGBoost,0,0.2,tuned,0.8763952030484864,0.0026304299443034654,0.9596166840346084,0.8064848308632684,0.7330704897642135,465.0,195892.25
highway_2 → urban_2,XGBoost,1,0.01,oracle,0.8777615738425363,0.0007157523096764574,0.961798900328227,0.8072301893684062,0.7750539124011994,30.0,13141.35
highway_2 → urban_2,XGBoost,1,0.01,source,0.8723679401339576,0.0007192828784232634,0.9303432798420861,0.8211947145799533,0.5997377634048462,30.0,13141.35
highway_2 → urban_2,XGBoost,1,0.01,tuned,0.8766065408113765,0.002267489881657892,0.9628761379491421,0.8046823781909482,0.7839438885450363,30.0,13141.35
highway_2 → urban_2,XGBoost,1,0.05,oracle,0.8781089542138151,0.0013394165079447307,0.9622787207723869,0.8074815567917261,0.7781198292970657,120.0,51504.65
highway_2 → urban_2,XGBoost,1,0.05,source,0.8726541520636584,0.001303283384354489,0.9303417472529864,0.8217052473565039,0.5997377634048462,120.0,51504.65
highway_2 → urban_2,XGBoost,1,0.05,tuned,0.8774365265089434,0.0014011814773966643,0.9591922169694262,0.8086284203879369,0.7598414033651352,120.0,51504.65
highway_2 → urban_2,XGBoost,1,0.1,oracle,0.8780380374081114,0.0026336822330859148,0.9619868108420475,0.8075745458394114,0.7766356021165848,240.0,103844.25
highway_2 → urban_2,XGBoost,1,0.1,source,0.8725940845979471,0.0026280709374278273,0.930249132319334,0.8216759107556948,0.5997377634048462,240.0,103844.25
highway_2 → urban_2,XGBoost,1,0.1,tuned,0.8777167656631916,0.002656127625911012,0.9608479050373427,0.8078860513009716,0.7702494710683823,240.0,103844.25
highway_2 → urban_2,XGBoost,1,0.2,oracle,0.8775268837794282,0.0020069762541976293,0.962714344755074,0.806197841074605,0.7795057147741318,465.0,197895.85
highway_2 → urban_2,XGBoost,1,0.2,source,0.8721780020432938,0.0019983212733944425,0.9306665119788817,0.8206100957990458,0.5997377634048462,465.0,197895.85
highway_2 → urban_2,XGBoost,1,0.2,tuned,0.877251795283961,0.0020744239974555944,0.9642920724184594,0.8046609528292878,0.7906113564968109,465.0,197895.85
highway_2 → urban_2,XGBoost,2,0.01,oracle,0.8774055422033804,0.0006993387692943101,0.961631695616088,0.8067459737147369,0.7685249447822571,30.0,13126.3
highway_2 → urban_2,XGBoost,2,0.01,source,0.8738227583278585,0.0006712686658291571,0.9363853171806247,0.8190971533137891,0.6083706617355347,30.0,13126.3
highway_2 → urban_2,XGBoost,2,0.01,tuned,0.8761899491699092,0.002061404517458344,0.9606873125958979,0.8054950150756195,0.7654849320650101,30.0,13126.3
highway_2 → urban_2,XGBoost,2,0.05,oracle,0.877675133616499,0.0014003763889206457,0.9616008760747811,0.8072251930819115,0.7685249447822571,120.0,50048.55
highway_2 → urban_2,XGBoost,2,0.05,source,0.8740584456217947,0.0013676223139985778,0.9363513833052467,0.8195386795980463,0.6083706617355347,120.0,50048.55
highway_2 → urban_2,XGBoost,2,0.05,tuned,0.8771619059771499,0.0013772404806452925,0.9577543212257151,0.8091423037372252,0.743737006187439,120.0,50048.55
highway_2 → urban_2,XGBoost,2,0.1,oracle,0.877557765328751,0.0017869532611997996,0.9618345829446101,0.8068640185800685,0.7685251116752625,240.0,101120.2
highway_2 → urban_2,XGBoost,2,0.1,source,0.8740151842087609,0.001748053327615774,0.9367256492073757,0.8191782758413672,0.6083706617355347,240.0,101120.2
highway_2 → urban_2,XGBoost,2,0.1,tuned,0.8773343738365208,0.0017823025164891068,0.9608285026177942,0.8072183118196857,0.7627601444721221,240.0,101120.2
highway_2 → urban_2,XGBoost,2,0.2,oracle,0.8772779645869635,0.003964505145770209,0.9613812575386641,0.8067248385189526,0.7674119114875794,465.0,200351.45
highway_2 → urban_2,XGBoost,2,0.2,source,0.8736647160071158,0.003972332490220988,0.9362244933309884,0.8189574059724111,0.6083706617355347,465.0,200351.45
highway_2 → urban_2,XGBoost,2,0.2,tuned,0.8770681276687835,0.003929601577086948,0.9596558791088213,0.8076153964798387,0.7562322586774826,465.0,200351.45
urban_2 → highway_2,RAVEN-X,0,0.01,oracle,0.8729468524689908,0.000503693191721466,0.9356906469595305,0.8180892678306216,0.7395553588867188,75.0,7311.35
urban_2 → highway_2,RAVEN-X,0,0.01,source,0.8695347158893882,0.00047397837863931305,0.9089684047085672,0.8333805444725415,0.4772704243659973,75.0,7311.35
urban_2 → highway_2,RAVEN-X,0,0.01,tuned,0.8700108590986396,0.005257557614362448,0.9356212196062487,0.8136235657466017,0.7232284247875214,75.0,7311.35
urban_2 → highway_2,RAVEN-X,0,0.05,oracle,0.8728832538304359,0.0010452297912368152,0.9356502108298486,0.81800952602603,0.7395595073699951,360.0,35976.4
urban_2 → highway_2,RAVEN-X,0,0.05,source,0.869451159707418,0.0010389617049958336,0.9088845627115738,0.8332984986915335,0.4772704243659973,360.0,35976.4
urban_2 → highway_2,RAVEN-X,0,0.05,tuned,0.8724572608157327,0.0011798790190505558,0.9350631754394627,0.8177645218888359,0.7284402519464492,360.0,35976.4
urban_2 → highway_2,RAVEN-X,0,0.1,oracle,0.8729797680405762,0.0012758295966019315,0.9358559768301141,0.8180215022175826,0.7395678043365479,720.0,70895.45
urban_2 → highway_2,RAVEN-X,0,0.1,source,0.8696676062902322,0.0012494394456030913,0.9092452463292545,0.8333927317649149,0.4772704243659973,720.0,70895.45
urban_2 → highway_2,RAVEN-X,0,0.1,tuned,0.872428094660736,0.001317459341011759,0.9392600848593565,0.8145182442004473,0.7827778577804565,720.0,70895.45
urban_2 → highway_2,RAVEN-X,0,0.2,oracle,0.8728657591725126,0.0017764338807183138,0.9357703541790471,0.8178886834345882,0.739495238661766,1440.0,140981.3
urban_2 → highway_2,RAVEN-X,0,0.2,source,0.8694174446960975,0.0017091860241011398,0.9090289681008924,0.8331170009616778,0.4772704243659973,1440.0,140981.3
urban_2 → highway_2,RAVEN-X,0,0.2,tuned,0.8725830250774089,0.0017018193062254953,0.9337149221253809,0.8190001483450388,0.7086904972791672,1440.0,140981.3
urban_2 → highway_2,RAVEN-X,1,0.01,oracle,0.8603452900985606,0.00042486564815756047,0.9183766259715174,0.8092131906649251,0.7557753086090088,75.0,7459.85
urban_2 → highway_2,RAVEN-X,1,0.01,source,0.8585514493562509,0.00044064583344844506,0.8992422537619612,0.821383820579318,0.5658138990402222,75.0,7459.85
urban_2 → highway_2,RAVEN-X,1,0.01,tuned,0.8579799576135219,0.0035912511285608453,0.9205100338219347,0.8039708926512267,0.7498521029949188,75.0,7459.85
urban_2 → highway_2,RAVEN-X,1,0.05,oracle,0.8603172222196713,0.0011330821251730328,0.9184978560915645,0.8090696488852416,0.7574139267206192,360.0,35595.95
urban_2 → highway_2,RAVEN-X,1,0.05,source,0.8584649354698956,0.001112175949658044,0.8990898297780827,0.8213532423178564,0.5658138990402222,360.0,35595.95
urban_2 → highway_2,RAVEN-X,1,0.05,tuned,0.8593740496640688,0.0015281843916371005,0.911897336014183,0.8127567254788307,0.6935577258467674,360.0,35595.95
urban_2 → highway_2,RAVEN-X,1,0.1,oracle,0.8599866744660993,0.0013067373811787239,0.9184165167082703,0.8085495216253038,0.7579318106174469,720.0,71187.65
urban_2 → highway_2,RAVEN-X,1,0.1,source,0.8581212204013677,0.001328255251451434,0.8989076367867872,0.8208772671842531,0.5658138990402222,720.0,71187.65
urban_2 → highway_2,RAVEN-X,1,0.1,tuned,0.8592804177949496,0.0014980077399010128,0.9128675917278551,0.8117558159134178,0.7080246776342392,720.0,71187.65
urban_2 → highway_2,RAVEN-X,1,0.2,oracle,0.8603230791080557,0.0018652923911571084,0.9187051861109856,0.8089213902676556,0.7587294638156891,1440.0,141695.85
urban_2 → highway_2,RAVEN-X,1,0.2,source,0.8584218829945394,0.0018808458612605211,0.8991393708423944,0.8212348152659488,0.5658138990402222,1440.0,141695.85
urban_2 → highway_2,RAVEN-X,1,0.2,tuned,0.8600040860457157,0.0020353819448880196,0.9183399258395324,0.808688706785565,0.7558538883924484,1440.0,141695.85
urban_2 → highway_2,RAVEN-X,2,0.01,oracle,0.8759463640802085,0.00037064069399781846,0.9397296234463273,0.8202713688858202,0.798824667930603,75.0,7458.5
urban_2 → highway_2,RAVEN-X,2,0.01,source,0.8750518614830328,0.0003673943855971719,0.9297583547407957,0.8264255584641272,0.6786045432090759,75.0,7458.5
urban_2 → highway_2,RAVEN-X,2,0.01,tuned,0.8733025806981807,0.003864989866062882,0.9454456481045369,0.8117304662215457,0.8280069917440415,75.0,7458.5
urban_2 → highway_2,RAVEN-X,2,0.05,oracle,0.8764416936845553,0.0010757033106105996,0.939945041499324,0.8209772081144859,0.7988505035638809,360.0,35174.9
urban_2 → highway_2,RAVEN-X,2,0.05,source,0.8755412523112744,0.0010647409727140627,0.9299817406665516,0.8271232546424786,0.6786045432090759,360.0,35174.9
urban_2 → highway_2,RAVEN-X,2,0.05,tuned,0.8757643643117208,0.0011839219942765113,0.9390755031022288,0.8205359542727771,0.7845492750406265,360.0,35174.9
urban_2 → highway_2,RAVEN-X,2,0.1,oracle,0.875908224797889,0.0011342188645885691,0.9396826050377532,0.820241964347734,0.7988505035638809,720.0,71082.45
urban_2 → highway_2,RAVEN-X,2,0.1,source,0.8750192779119516,0.0011235580943033175,0.9297145627906733,0.8264036853270043,0.6786045432090759,720.0,71082.45
urban_2 → highway_2,RAVEN-X,2,0.1,tuned,0.8756101374284931,0.0011451013000448997,0.9383492414825365,0.8207613892080488,0.7851570785045624,720.0,71082.45
urban_2 → highway_2,RAVEN-X,2,0.2,oracle,0.8758308110410331,0.0015207072173158726,0.9393684318269881,0.8203467975083448,0.7989334881305694,1440.0,141167.35
urban_2 → highway_2,RAVEN-X,2,0.2,source,0.8749179630119922,0.0015441701033994005,0.929332430076095,0.8265261963222701,0.6786045432090759,1440.0,141167.35
urban_2 → highway_2,RAVEN-X,2,0.2,tuned,0.8756794451684792,0.001651782009680569,0.9386361898400063,0.8206456380342801,0.7928568810224533,1440.0,141167.35
urban_2 → highway_2,RAVEN-X-GF,0,0.01,oracle,0.8644296312879911,0.00047825113636359794,0.9075745995946136,0.8252008596135312,0.8135363459587097,75.0,7311.35
urban_2 → highway_2,RAVEN-X-GF,0,0.01,source,0.8642879876479233,0.0004766849024757007,0.9064534462532648,0.8258712189833071,0.7987158894538879,75.0,7311.35
urban_2 → highway_2,RAVEN-X-GF,0,0.01,tuned,0.8630077302154054,0.0023845698056432197,0.9134597509230635,0.8181349014070796,0.8464841157197952,75.0,7311.35
urban_2 → highway_2,RAVEN-X-GF,0,0.05,oracle,0.8644276175339618,0.0011333928026973255,0.9084733060451373,0.8244584982176268,0.8246848881244659,360.0,35976.4
urban_2 → highway_2,RAVEN-X-GF,0,0.05,source,0.8642854610794772,0.0011332666573073812,0.9064617883689218,0.8258606616096642,0.7987158894538879,360.0,35976.4
urban_2 → highway_2,RAVEN-X-GF,0,0.05,tuned,0.8638541408970699,0.0015967325760328226,0.91066704148099,0.8217435281120478,0.8286315232515336,360.0,35976.4
urban_2 → highway_2,RAVEN-X-GF,0,0.1,oracle,0.8645838997374862,0.0012742059067227837,0.9085142654767248,0.824709332042398,0.8234196811914444,720.0,70895.45
urban_2 → highway_2,RAVEN-X-GF,0,0.1,source,0.8644510729451961,0.0012778706721123252,0.9065905723122272,0.8260565264190346,0.7987158894538879,720.0,70895.45
urban_2 → highway_2,RAVEN-X-GF,0,0.1,tuned,0.864079092232401,0.001444747793643823,0.9128349941005286,0.8203675403575277,0.8565573394298553,720.0,70895.45
urban_2 → highway_2,RAVEN-X-GF,0,0.2,oracle,0.8644825957884225,0.0018234591308447256,0.9098296935704508,0.823458021125678,0.8337715774774551,1440.0,140981.3
urban_2 → highway_2,RAVEN-X-GF,0,0.2,source,0.8643362961682113,0.0018168024304084293,0.9067183773027944,0.8257422808934438,0.7987158894538879,1440.0,140981.3
urban_2 → highway_2,RAVEN-X-GF,0,0.2,tuned,0.8643142141594188,0.0017886741135331788,0.9098361414427913,0.823153107735204,0.8339725434780121,1440.0,140981.3
urban_2 → highway_2,RAVEN-X-GF,1,0.01,oracle,0.880458123577147,0.0004435483188853942,0.9522559226127983,0.818728170479257,0.8700886905193329,75.0,7459.85
urban_2 → highway_2,RAVEN-X-GF,1,0.01,source,0.8796551595544813,0.00044720191340968983,0.9418905586781031,0.8251345269840729,0.752642810344696,75.0,7459.85
urban_2 → highway_2,RAVEN-X-GF,1,0.01,tuned,0.878944948847192,0.001325633035135778,0.9540634436820961,0.8149603252171342,0.8712073296308518,75.0,7459.85
urban_2 → highway_2,RAVEN-X-GF,1,0.05,oracle,0.880368909913274,0.0010641827720535674,0.9523254421129866,0.8185232237645105,0.8713551968336105,360.0,35595.95
urban_2 → highway_2,RAVEN-X-GF,1,0.05,source,0.8795467263661406,0.0010420711552284118,0.9418172230006411,0.8250008743034783,0.752642810344696,360.0,35595.95
urban_2 → highway_2,RAVEN-X-GF,1,0.05,tuned,0.8796546582291563,0.0013993882149084254,0.9481291265657914,0.8205033173596388,0.8132926195859909,360.0,35595.95
urban_2 → highway_2,RAVEN-X-GF,1,0.1,oracle,0.8800111436428392,0.001399407741045901,0.9521946754713972,0.8180027287825858,0.870407247543335,720.0,71187.65
urban_2 → highway_2,RAVEN-X-GF,1,0.1,source,0.8791866852877046,0.0013679505282786445,0.9417768999156111,0.8243994744290328,0.752642810344696,720.0,71187.65
urban_2 → highway_2,RAVEN-X-GF,1,0.1,tuned,0.8795107041904842,0.0012041653468578741,0.948685837926716,0.819831686310504,0.8278735488653183,720.0,71187.65
urban_2 → highway_2,RAVEN-X-GF,1,0.2,oracle,0.8801864217305232,0.0019136392562697931,0.9517853685085399,0.8186087541613933,0.8671013444662095,1440.0,141695.85
urban_2 → highway_2,RAVEN-X-GF,1,0.2,source,0.8793589565814661,0.001869412126581584,0.9417475034002261,0.8247259724585521,0.752642810344696,1440.0,141695.85
urban_2 → highway_2,RAVEN-X-GF,1,0.2,tuned,0.8800474015264033,0.0019613814536855977,0.9515267859205647,0.8185635212307352,0.8660747081041336,1440.0,141695.85
urban_2 → highway_2,RAVEN-X-GF,2,0.01,oracle,0.8817731130734361,0.00037109097250155945,0.9485549863930413,0.8237763322994466,0.8903088569641113,75.0,7458.5
urban_2 → highway_2,RAVEN-X-GF,2,0.01,source,0.8799721982767826,0.00037482006519126617,0.9351334192709642,0.8309563137750657,0.7693889737129211,75.0,7458.5
urban_2 → highway_2,RAVEN-X-GF,2,0.01,tuned,0.8790589648084003,0.003128719951240577,0.9522928838325149,0.8167538218807954,0.8719986408948899,75.0,7458.5
urban_2 → highway_2,RAVEN-X-GF,2,0.05,oracle,0.8822351235252333,0.0009045040245570137,0.9487556780232357,0.8244327132457464,0.8903106331825257,360.0,35174.9
urban_2 → highway_2,RAVEN-X-GF,2,0.05,source,0.880462318777291,0.0009096096604734606,0.935431727756931,0.8315960471634437,0.7693889737129211,360.0,35174.9
urban_2 → highway_2,RAVEN-X-GF,2,0.05,tuned,0.881571697820025,0.0011838925201798467,0.9514778598979227,0.8213225984048549,0.8990120202302933,360.0,35174.9
urban_2 → highway_2,RAVEN-X-GF,2,0.1,oracle,0.8817653438032439,0.0012211752068418055,0.9486710546043,0.8236764103727552,0.8903097450733185,720.0,71082.45
urban_2 → highway_2,RAVEN-X-GF,2,0.1,source,0.8799884154099036,0.0012506196416479354,0.9352887039959376,0.8308637051589883,0.7693889737129211,720.0,71082.45
urban_2 → highway_2,RAVEN-X-GF,2,0.1,tuned,0.8814607759141209,0.001289096521011538,0.9508451872369166,0.8215457039676727,0.901542916893959,720.0,71082.45
urban_2 → highway_2,RAVEN-X-GF,2,0.2,oracle,0.8815242310529301,0.0015950022508705835,0.9487238838797589,0.823219855458572,0.8929975181818008,1440.0,141167.35
urban_2 → highway_2,RAVEN-X-GF,2,0.2,source,0.8797284743785226,0.0016757565609820154,0.9347802374120585,0.8308036036292575,0.7693889737129211,1440.0,141167.35
urban_2 → highway_2,RAVEN-X-GF,2,0.2,tuned,0.8813970351266196,0.0016007092162833273,0.9494718578608474,0.8224410467336016,0.8978532940149307,1440.0,141167.35
urban_2 → highway_2,XGBoost,0,0.01,oracle,0.86085661710081,0.0006217831535567754,0.9725882792523912,0.7721518150725094,0.6805694401264191,75.0,7311.35
urban_2 → highway_2,XGBoost,0,0.01,source,0.8570319760497551,0.0006079728468598335,0.9485651352714652,0.7816099316309757,0.5279899835586548,75.0,7311.35
urban_2 → highway_2,XGBoost,0,0.01,tuned,0.8596387873483373,0.0012962831899429124,0.9686510721387467,0.7727768107746837,0.6640161424875259,75.0,7311.35
urban_2 → highway_2,XGBoost,0,0.05,oracle,0.860808432972797,0.0013426090414773934,0.9724711102538615,0.772149926843198,0.6795172393321991,360.0,35976.4
urban_2 → highway_2,XGBoost,0,0.05,source,0.8570078686747786,0.001333867200450366,0.9485994971467842,0.7815478985037352,0.5279899835586548,360.0,35976.4
urban_2 → highway_2,XGBoost,0,0.05,tuned,0.860432766514319,0.0015265296428703232,0.9695805304054346,0.7733929511927555,0.6606234818696975,360.0,35976.4
urban_2 → highway_2,XGBoost,0,0.1,oracle,0.8609318368187113,0.0015101625552623,0.9722747440099541,0.7724728063384276,0.6792590647935868,720.0,70895.45
urban_2 → highway_2,XGBoost,0,0.1,source,0.8570964190652746,0.001485670423029979,0.9483998938682914,0.7818313126769181,0.5279899835586548,720.0,70895.45
urban_2 → highway_2,XGBoost,0,0.1,tuned,0.8607304773157338,0.0015122860294053816,0.9707493391827029,0.7731218549842271,0.6694781243801117,720.0,70895.45
urban_2 → highway_2,XGBoost,0,0.2,oracle,0.8610226559315508,0.0018493711245615256,0.9724238937993352,0.7725262565184738,0.6782153278589249,1440.0,140981.3
urban_2 → highway_2,XGBoost,0,0.2,source,0.8572243973194015,0.0017872868660088286,0.9488061080296566,0.7817703202264138,0.5279899835586548,1440.0,140981.3
urban_2 → highway_2,XGBoost,0,0.2,tuned,0.8608953945574175,0.0018571070757649416,0.9714345535533704,0.7729515656833571,0.6718376457691193,1440.0,140981.3
urban_2 → highway_2,XGBoost,1,0.01,oracle,0.8596811190409953,0.0006066226252470407,0.9691084905044518,0.7724589069645932,0.6826746463775635,75.0,7459.85
urban_2 → highway_2,XGBoost,1,0.01,source,0.8552804141836102,0.0006131139784657692,0.9454749492993283,0.7807959010313213,0.5427576899528503,75.0,7459.85
urban_2 → highway_2,XGBoost,1,0.01,tuned,0.8581979092477863,0.00212781748253121,0.9728419806699031,0.7678593024169722,0.7244345724582673,75.0,7459.85
urban_2 → highway_2,XGBoost,1,0.05,oracle,0.8597167499769501,0.001207908528545772,0.9690285134483076,0.7725683644086604,0.6826746463775635,360.0,35595.95
urban_2 → highway_2,XGBoost,1,0.05,source,0.8552995518263357,0.0012288701399784684,0.9453477903695303,0.780915495660079,0.5427576899528503,360.0,35595.95
urban_2 → highway_2,XGBoost,1,0.05,tuned,0.8593793860427417,0.0012392434392161757,0.970943241088418,0.7708430377069095,0.7027356654405594,360.0,35595.95
urban_2 → highway_2,XGBoost,1,0.1,oracle,0.8592971420177546,0.002020593208462605,0.9691039292912371,0.7718462787255649,0.6827028542757034,720.0,71187.65
urban_2 → highway_2,XGBoost,1,0.1,source,0.8548897283850394,0.001953228873484801,0.9454184324718481,0.7801873077800434,0.5427576899528503,720.0,71187.65
urban_2 → highway_2,XGBoost,1,0.1,tuned,0.8590075756636024,0.0020195097797540747,0.9706006040038302,0.7704667959011933,0.6991917878389359,720.0,71187.65
urban_2 → highway_2,XGBoost,1,0.2,oracle,0.8593104720749706,0.0020835842036266753,0.9701122306459192,0.7712339555014007,0.6910082757472992,1440.0,141695.85
urban_2 → highway_2,XGBoost,1,0.2,source,0.8547862935480837,0.0020537836216645558,0.9452602695302235,0.7801237899933786,0.5427576899528503,1440.0,141695.85
urban_2 → highway_2,XGBoost,1,0.2,tuned,0.8590364429192837,0.002060152268095907,0.9699960198332827,0.770882830671302,0.694188016653061,1440.0,141695.85
urban_2 → highway_2,XGBoost,2,0.01,oracle,0.8602975594740296,0.00043337306809678697,0.9658879277066414,0.7755185467226562,0.650229275226593,75.0,7458.5
urban_2 → highway_2,XGBoost,2,0.01,source,0.8554769091560844,0.00043435147533344614,0.9437452131666044,0.7823080527188224,0.5273496508598328,75.0,7458.5
urban_2 → highway_2,XGBoost,2,0.01,tuned,0.8585803160151022,0.0021607114591575896,0.9704165605125867,0.7699963734205556,0.7068362236022949,75.0,7458.5
urban_2 → highway_2,XGBoost,2,0.05,oracle,0.8607257625876515,0.001130379563405883,0.9659168608795792,0.7761974520138073,0.6499358177185058,360.0,35174.9
urban_2 → highway_2,XGBoost,2,0.05,source,0.8559105365295375,0.0010983654310099964,0.9438538182170392,0.7829601963984846,0.5273496508598328,360.0,35174.9
urban_2 → highway_2,XGBoost,2,0.05,tuned,0.8603653374911726,0.0011454842030866397,0.9678418871682377,0.7743996315421057,0.6728852927684784,360.0,35174.9
urban_2 → highway_2,XGBoost,2,0.1,oracle,0.8601203241567337,0.0015903396689084751,0.9657604239849812,0.7753152346423318,0.6500825464725495,720.0,71082.45
urban_2 → highway_2,XGBoost,2,0.1,source,0.8553301026383794,0.0015737959646297149,0.9436844858620169,0.7821064933346608,0.5273496508598328,720.0,71082.45
urban_2 → highway_2,XGBoost,2,0.1,tuned,0.8599128269165707,0.0015950925164769931,0.9672858412651806,0.7740168181336914,0.6668536692857743,720.0,71082.45
urban_2 → highway_2,XGBoost,2,0.2,oracle,0.8601500427066208,0.001759278317870632,0.9657178699631516,0.7753920162440973,0.6502928972244263,1440.0,141167.35
urban_2 → highway_2,XGBoost,2,0.2,source,0.8553257402182822,0.0018007003562722818,0.9434711723181021,0.7822470824367415,0.5273496508598328,1440.0,141167.35
urban_2 → highway_2,XGBoost,2,0.2,tuned,0.8599856502569045,0.0016641882938895688,0.9662758666166397,0.7747686404809191,0.6575922966003418,1440.0,141167.35
urban_2 → highway_7,RAVEN-X,0,0.01,oracle,0.7611716317923648,0.007108546295735097,0.7878846719971223,0.7367550977577219,0.9612217336893082,15.0,101300.95
urban_2 → highway_7,RAVEN-X,0,0.01,source,0.7124289868907627,0.00911656937879644,0.6178947693679561,0.841158181002178,0.4772704243659973,15.0,101300.95
urban_2 → highway_7,RAVEN-X,0,0.01,tuned,0.7513222400709636,0.013657476141037433,0.8332166526754932,0.6907719577655904,0.9680580735206604,15.0,101300.95
urban_2 → highway_7,RAVEN-X,0,0.05,oracle,0.7626932283889798,0.005499321445644961,0.7857861839761823,0.7411794554018295,0.9606743156909943,15.0,85959.55
urban_2 → highway_7,RAVEN-X,0,0.05,source,0.7140688670521136,0.005532949110540044,0.6190158204325984,0.8436451187637652,0.4772704243659973,15.0,85959.55
urban_2 → highway_7,RAVEN-X,0,0.05,tuned,0.7542627460650474,0.007349439824967002,0.8292575897174498,0.6986719380279333,0.9658614546060562,15.0,85959.55
urban_2 → highway_7,RAVEN-X,0,0.1,oracle,0.7655810627372468,0.009051776716526447,0.7882207254866664,0.7450519000291297,0.9597892552614212,30.0,176838.95
urban_2 → highway_7,RAVEN-X,0,0.1,source,0.7173442581520036,0.01236752555663525,0.623134980823352,0.8452358295666972,0.4772704243659973,30.0,176838.95
urban_2 → highway_7,RAVEN-X,0,0.1,tuned,0.7559369788231233,0.011337372066348897,0.8370760551420456,0.6948536721668706,0.9681448549032211,30.0,176838.95
urban_2 → highway_7,RAVEN-X,0,0.2,oracle,0.7599914624097864,0.01335547877242704,0.7908941136806723,0.7335071163853477,0.9613064795732498,45.0,294458.7
urban_2 → highway_7,RAVEN-X,0,0.2,source,0.7094778778636732,0.01805098250275819,0.6139796314227536,0.8403572488310009,0.4772704243659973,45.0,294458.7
urban_2 → highway_7,RAVEN-X,0,0.2,tuned,0.7527190056303118,0.013585893227220636,0.8036181378491326,0.7131677173768863,0.9629307329654694,45.0,294458.7
urban_2 → highway_7,RAVEN-X,1,0.01,oracle,0.7849926394009337,0.008401062343881683,0.8444469181208201,0.7333797058000339,0.9419661849737168,15.0,98189.6
urban_2 → highway_7,RAVEN-X,1,0.01,source,0.76899378582109,0.009837880188294868,0.7323867863206516,0.8094808166754779,0.5658138990402222,15.0,98189.6
urban_2 → highway_7,RAVEN-X,1,0.01,tuned,0.7781419932863958,0.011333090935257029,0.807257270843523,0.7556662206411646,0.8589466452598572,15.0,98189.6
urban_2 → highway_7,RAVEN-X,1,0.05,oracle,0.7906979274508473,0.006273168963234781,0.8482030154918091,0.7405092405382014,0.9418115586042404,15.0,91365.85
urban_2 → highway_7,RAVEN-X,1,0.05,source,0.7750946823716102,0.00731470903833749,0.7384419939215575,0.8155958711809314,0.5658138990402222,15.0,91365.85
urban_2 → highway_7,RAVEN-X,1,0.05,tuned,0.7855382920054643,0.008988524585374346,0.8079360195141436,0.7678745145471122,0.8518817782402038,15.0,91365.85
urban_2 → highway_7,RAVEN-X,1,0.1,oracle,0.7921504894851943,0.006805546609156653,0.8498633823131536,0.7417959755232394,0.9416292607784271,30.0,175374.75
urban_2 → highway_7,RAVEN-X,1,0.1,source,0.777294825346025,0.007727900153617737,0.7417962698412133,0.8163992774852481,0.5658138990402222,30.0,175374.75
urban_2 → highway_7,RAVEN-X,1,0.1,tuned,0.7890123247874512,0.0076675484247854045,0.8388119217701757,0.7468301485803177,0.9227862447500229,30.0,175374.75
urban_2 → highway_7,RAVEN-X,1,0.2,oracle,0.7907475692060283,0.012029447939373992,0.8478577780703789,0.7409010383722412,0.9413531303405762,45.0,293924.5
urban_2 → highway_7,RAVEN-X,1,0.2,source,0.7764507874222175,0.013334871229573192,0.7398685866675059,0.8169442390424978,0.5658138990402222,45.0,293924.5
urban_2 → highway_7,RAVEN-X,1,0.2,tuned,0.7883640470645384,0.012375485158089672,0.8432730015912264,0.7417836588410414,0.9323186755180359,45.0,293924.5
urban_2 → highway_7,RAVEN-X,2,0.01,oracle,0.700658937044129,0.008901156961332413,0.7659277342022545,0.6456649028506852,0.9872842133045197,15.0,95320.25
urban_2 → highway_7,RAVEN-X,2,0.01,source,0.5843303248650501,0.008622247395534017,0.43696221635416554,0.8818194165927237,0.6786045432090759,15.0,95320.25
urban_2 → highway_7,RAVEN-X,2,0.01,tuned,0.690170671471277,0.014001342722687413,0.7415646517208534,0.6570237535957826,0.9860275179147721,15.0,95320.25
urban_2 → highway_7,RAVEN-X,2,0.05,oracle,0.6993032041750973,0.009181356642831089,0.7654373291649212,0.6437065688977939,0.9872964173555374,15.0,90723.4
urban_2 → highway_7,RAVEN-X,2,0.05,source,0.5831137323265416,0.00927590945341671,0.4357080377129961,0.8814276430937733,0.6786045432090759,15.0,90723.4
urban_2 → highway_7,RAVEN-X,2,0.05,tuned,0.6900256707986339,0.018896874139890718,0.7623497092229752,0.6415980866985567,0.984485873579979,15.0,90723.4
urban_2 → highway_7,RAVEN-X,2,0.1,oracle,0.700335035258036,0.017753790022255824,0.7645455674119883,0.6461247292829427,0.9872653394937515,30.0,193029.95
urban_2 → highway_7,RAVEN-X,2,0.1,source,0.5847963001262616,0.01852974406643496,0.43726196188536787,0.883171550491277,0.6786045432090759,30.0,193029.95
urban_2 → highway_7,RAVEN-X,2,0.1,tuned,0.6986767654948645,0.017927580892868226,0.7603111273892682,0.6475443989630709,0.9871575355529785,30.0,193029.95
urban_2 → highway_7,RAVEN-X,2,0.2,oracle,0.7108693934443286,0.01428967095144503,0.7752879174294017,0.6564168001162635,0.9872823566198349,45.0,285547.35
urban_2 → highway_7,RAVEN-X,2,0.2,source,0.596074318379737,0.01581415541256209,0.4490361928215486,0.8868014067049719,0.6786045432090759,45.0,285547.35
urban_2 → highway_7,RAVEN-X,2,0.2,tuned,0.7097350624321949,0.014641747785845503,0.7686222478276881,0.6598713909550267,0.9871145069599152,45.0,285547.35
urban_2 → highway_7,RAVEN-X-GF,0,0.01,oracle,0.8235873529216627,0.007130022868017558,0.8728937323093382,0.7795724293702935,0.9886216849088669,15.0,101300.95
urban_2 → highway_7,RAVEN-X-GF,0,0.01,source,0.7600603765422553,0.007326281819458466,0.6739218497292014,0.8714787573987867,0.7987158894538879,15.0,101300.95
urban_2 → highway_7,RAVEN-X-GF,0,0.01,tuned,0.8184636418705014,0.010134214217965943,0.8700601229788857,0.7757885774392602,0.9862561136484146,15.0,101300.95
urban_2 → highway_7,RAVEN-X-GF,0,0.05,oracle,0.8253347721411656,0.004477573285579796,0.8730350667866276,0.7825972094374383,0.9885843396186829,15.0,85959.55
urban_2 → highway_7,RAVEN-X-GF,0,0.05,source,0.7613790061579889,0.004552774103087854,0.6742302887586781,0.8744313993506356,0.7987158894538879,15.0,85959.55
urban_2 → highway_7,RAVEN-X-GF,0,0.05,tuned,0.8226264586593468,0.003816576695203578,0.8710537376607963,0.780799665176413,0.9880705207586289,15.0,85959.55
urban_2 → highway_7,RAVEN-X-GF,0,0.1,oracle,0.8275251656504979,0.009136434445383302,0.8746920851424912,0.7852204565952559,0.9885595142841339,30.0,176838.95
urban_2 → highway_7,RAVEN-X-GF,0,0.1,source,0.7642196895086995,0.009890805616598814,0.678268638034876,0.8752185374879529,0.7987158894538879,30.0,176838.95
urban_2 → highway_7,RAVEN-X-GF,0,0.1,tuned,0.825893272791739,0.008383357428808382,0.8723593570089628,0.7849314748763374,0.9881585448980331,30.0,176838.95
urban_2 → highway_7,RAVEN-X-GF,0,0.2,oracle,0.8216255650734976,0.013496107911180229,0.8679046098391604,0.7801307944342336,0.9883020848035813,45.0,294458.7
urban_2 → highway_7,RAVEN-X-GF,0,0.2,source,0.7584231402996571,0.014809049880264342,0.6716413460344359,0.8711195723389473,0.7987158894538879,45.0,294458.7
urban_2 → highway_7,RAVEN-X-GF,0,0.2,tuned,0.8199936101657723,0.013274963011039951,0.8742095559325531,0.7727831638266841,0.9888242810964585,45.0,294458.7
urban_2 → highway_7,RAVEN-X-GF,1,0.01,oracle,0.7403684164593243,0.012340177512354769,0.8340193356960123,0.6656426298478247,0.9932345181703568,15.0,98189.6
urban_2 → highway_7,RAVEN-X-GF,1,0.01,source,0.4695563756013641,0.011449460087763465,0.3149538745847683,0.9227977356830038,0.752642810344696,15.0,98189.6
urban_2 → highway_7,RAVEN-X-GF,1,0.01,tuned,0.7380943671523486,0.012152786017846657,0.8239055767669601,0.6698392884382794,0.9931087464094162,15.0,98189.6
urban_2 → highway_7,RAVEN-X-GF,1,0.05,oracle,0.748096542410773,0.009096907140047997,0.8395898131307344,0.6745985709655337,0.9932459652423858,15.0,91365.85
urban_2 → highway_7,RAVEN-X-GF,1,0.05,source,0.4754767774610439,0.009010224346016744,0.31988987426003546,0.9260666008938971,0.752642810344696,15.0,91365.85
urban_2 → highway_7,RAVEN-X-GF,1,0.05,tuned,0.7441474085897906,0.009096365946790086,0.8188017473434858,0.6842479214318065,0.9929785192012787,15.0,91365.85
urban_2 → highway_7,RAVEN-X-GF,1,0.1,oracle,0.7516768852833193,0.009971106529998877,0.8437889337274804,0.6777237700513018,0.9932573795318603,30.0,175374.75
urban_2 → highway_7,RAVEN-X-GF,1,0.1,source,0.48057111287239945,0.011086358305811618,0.32443331280141213,0.9269155565543267,0.752642810344696,30.0,175374.75
urban_2 → highway_7,RAVEN-X-GF,1,0.1,tuned,0.7491470019639496,0.01064927565856273,0.8400570612408407,0.6775239451935704,0.9932054340839386,30.0,175374.75
urban_2 → highway_7,RAVEN-X-GF,1,0.2,oracle,0.749922646319272,0.018489981681480007,0.8417322913196378,0.6762442242792888,0.9932560831308365,45.0,293924.5
urban_2 → highway_7,RAVEN-X-GF,1,0.2,source,0.47818092756911457,0.016677524236587065,0.3224190682516324,0.92613557720662,0.752642810344696,45.0,293924.5
urban_2 → highway_7,RAVEN-X-GF,1,0.2,tuned,0.7484336096322808,0.018480678264608662,0.83670495017668,0.67804661366838,0.9931891351938248,45.0,293924.5
urban_2 → highway_7,RAVEN-X-GF,2,0.01,oracle,0.796274780148374,0.007944986712474476,0.8834160677825966,0.7248147681246063,0.9911500245332718,15.0,95320.25
urban_2 → highway_7,RAVEN-X-GF,2,0.01,source,0.6748421965995824,0.007711213365249555,0.5472891672104973,0.8799839510155263,0.7693889737129211,15.0,95320.25
urban_2 → highway_7,RAVEN-X-GF,2,0.01,tuned,0.792350415538227,0.007662328921810974,0.8555257814618875,0.7401195032193405,0.9899086385965348,15.0,95320.25
urban_2 → highway_7,RAVEN-X-GF,2,0.05,oracle,0.7952120888276476,0.008206702178391615,0.8829488139617034,0.7233631201165935,0.991149228811264,15.0,90723.4
urban_2 → highway_7,RAVEN-X-GF,2,0.05,source,0.6735776736150465,0.008170545786033429,0.5458495713266103,0.8794309926407529,0.7693889737129211,15.0,90723.4
urban_2 → highway_7,RAVEN-X-GF,2,0.05,tuned,0.7919986770139309,0.007100344518823867,0.8574939457825295,0.7377901697629028,0.9899860590696334,15.0,90723.4
urban_2 → highway_7,RAVEN-X-GF,2,0.1,oracle,0.7963302771363667,0.015949381602883134,0.879825483120024,0.7273978101021125,0.9910369217395782,30.0,193029.95
urban_2 → highway_7,RAVEN-X-GF,2,0.1,source,0.6751830669294313,0.016518597181388765,0.5473916288694471,0.8811184934512003,0.7693889737129211,30.0,193029.95
urban_2 → highway_7,RAVEN-X-GF,2,0.1,tuned,0.7948979667055013,0.01587206268912797,0.8714431807973192,0.7316340452742439,0.9906938076019287,30.0,193029.95
urban_2 → highway_7,RAVEN-X-GF,2,0.2,oracle,0.8042768890837293,0.012903928532933828,0.8859693409612233,0.736429989253766,0.9910718113183975,45.0,285547.35
urban_2 → highway_7,RAVEN-X-GF,2,0.2,source,0.6850030253813362,0.014031692586588792,0.5588567282437465,0.8849655630581561,0.7693889737129211,45.0,285547.35
urban_2 → highway_7,RAVEN-X-GF,2,0.2,tuned,0.8025078801856378,0.013035426097823136,0.873051259901527,0.7435110179795764,0.9905162870883941,45.0,285547.35
urban_2 → highway_7,XGBoost,0,0.01,oracle,0.8370731537068021,0.006565191746151946,0.8610944813512453,0.814369418946313,0.7685055375099182,15.0,101300.95
urban_2 → highway_7,XGBoost,0,0.01,source,0.8188453366445909,0.006582335352814717,0.7972465809748159,0.8416589077648584,0.5279899835586548,15.0,101300.95
urban_2 → highway_7,XGBoost,0,0.01,tuned,0.8322473748023672,0.012547399240754436,0.8690083324331557,0.7993505006884609,0.8104600518941879,15.0,101300.95
urban_2 → highway_7,XGBoost,0,0.05,oracle,0.8402965618591145,0.004390413387302473,0.8619526004809362,0.8197275993617656,0.7685335755348206,15.0,85959.55
urban_2 → highway_7,XGBoost,0,0.05,source,0.8217662620339642,0.004320464950309203,0.7982649237741999,0.8467205346228752,0.5279899835586548,15.0,85959.55
urban_2 → highway_7,XGBoost,0,0.05,tuned,0.8379709447672272,0.005105989192431307,0.8631111843100132,0.8147256635983722,0.7779154688119888,15.0,85959.55
urban_2 → highway_7,XGBoost,0,0.1,oracle,0.8414558063635413,0.007518190108026031,0.8637128004408948,0.8203328743849732,0.768657785654068,30.0,176838.95
urban_2 → highway_7,XGBoost,0,0.1,source,0.8230175565497424,0.007766837318328796,0.8004517634346886,0.8469159961402788,0.5279899835586548,30.0,176838.95
urban_2 → highway_7,XGBoost,0,0.1,tuned,0.8380206423154355,0.012016851250890973,0.8651729986897182,0.8132276133720179,0.7787234961986542,30.0,176838.95
urban_2 → highway_7,XGBoost,0,0.2,oracle,0.83624307239749,0.013809810165307143,0.8585927093445258,0.8151261962235961,0.7682718366384507,45.0,294458.7
urban_2 → highway_7,XGBoost,0,0.2,source,0.8177595979396628,0.013891344190011997,0.7942533497746079,0.8427720380386392,0.5279899835586548,45.0,294458.7
urban_2 → highway_7,XGBoost,0,0.2,tuned,0.8353068470759244,0.014254109069793491,0.8619967841425888,0.8104671477055145,0.7870097994804383,45.0,294458.7
urban_2 → highway_7,XGBoost,1,0.01,oracle,0.8323084076860674,0.008520724012011885,0.8520866803801466,0.8134410888849335,0.7400102615356445,15.0,98189.6
urban_2 → highway_7,XGBoost,1,0.01,source,0.8246536435825826,0.008420594678414675,0.8142041713802228,0.8353846112893141,0.5427576899528503,15.0,98189.6
urban_2 → highway_7,XGBoost,1,0.01,tuned,0.8287340907217915,0.013413413572135331,0.8563149740800455,0.8038496615559335,0.7631333380937576,15.0,98189.6
urban_2 → highway_7,XGBoost,1,0.05,oracle,0.8379352914555716,0.006639087279343865,0.8562020786863869,0.8204552025816687,0.7428764551877975,15.0,91365.85
urban_2 → highway_7,XGBoost,1,0.05,source,0.8301540806337284,0.006547289832418247,0.8184204881082648,0.8422553886366456,0.5427576899528503,15.0,91365.85
urban_2 → highway_7,XGBoost,1,0.05,tuned,0.8360480028559767,0.006985858908553735,0.8490363354738981,0.8239114326063508,0.7032174915075302,15.0,91365.85
urban_2 → highway_7,XGBoost,1,0.1,oracle,0.8394094005647317,0.007168280607406143,0.8588655704070394,0.8208508317215311,0.7450817286968231,30.0,175374.75
urban_2 → highway_7,XGBoost,1,0.1,source,0.8317555736674356,0.007261829404400396,0.8211399634657324,0.8426845723207824,0.5427576899528503,30.0,175374.75
urban_2 → highway_7,XGBoost,1,0.1,tuned,0.8385326562629725,0.007235519287802523,0.8569521064081027,0.8211360583277548,0.7342547714710236,30.0,175374.75
urban_2 → highway_7,XGBoost,1,0.2,oracle,0.8376279245515075,0.015075282314537423,0.8571134175518698,0.8191062123320038,0.7450951486825943,45.0,293924.5
urban_2 → highway_7,XGBoost,1,0.2,source,0.8299633271418024,0.014758382896861358,0.8192392712548371,0.8410689637427756,0.5427576899528503,45.0,293924.5
urban_2 → highway_7,XGBoost,1,0.2,tuned,0.8367944222004894,0.014813826811824554,0.854349177728891,0.8204166114836415,0.7276990205049515,45.0,293924.5
urban_2 → highway_7,XGBoost,2,0.01,oracle,0.8391193139287848,0.007083469103477811,0.8528709174458422,0.8258202460574451,0.7052293449640274,15.0,95320.25
urban_2 → highway_7,XGBoost,2,0.01,source,0.8332945078451267,0.006821432118856249,0.8233764096092019,0.8434773840956785,0.5273496508598328,15.0,95320.25
urban_2 → highway_7,XGBoost,2,0.01,tuned,0.8366485561900705,0.0070275392588514465,0.8524643189132028,0.8221327254560956,0.7028097540140152,15.0,95320.25
urban_2 → highway_7,XGBoost,2,0.05,oracle,0.8373832638430864,0.006208397201857443,0.8521209289425705,0.8231607970705305,0.7052286595106125,15.0,90723.4
urban_2 → highway_7,XGBoost,2,0.05,source,0.8316370580678013,0.006190287648614163,0.8224523034135066,0.8410385801500242,0.5273496508598328,15.0,90723.4
urban_2 → highway_7,XGBoost,2,0.05,tuned,0.834992399508334,0.007290055331978824,0.8563417491501986,0.8152032991094138,0.7316906660795212,15.0,90723.4
urban_2 → highway_7,XGBoost,2,0.1,oracle,0.8383322400266925,0.013299205009241111,0.8521977547848183,0.8249799897004848,0.7047072142362595,30.0,193029.95
urban_2 → highway_7,XGBoost,2,0.1,source,0.8325491542959002,0.013320755286908398,0.8227131213924552,0.8426889569127546,0.5273496508598328,30.0,193029.95
urban_2 → highway_7,XGBoost,2,0.1,tuned,0.8368583240015266,0.013118060184918017,0.854190120126533,0.8205789604614964,0.7160395950078964,30.0,193029.95
urban_2 → highway_7,XGBoost,2,0.2,oracle,0.8452880398797916,0.010604924241648274,0.8591917230989463,0.8318741020164879,0.7133409202098846,45.0,285547.35
urban_2 → highway_7,XGBoost,2,0.2,source,0.8395124175145885,0.010497168209896657,0.8294238210188937,0.8498947756681131,0.5273496508598328,45.0,285547.35
urban_2 → highway_7,XGBoost,2,0.2,tuned,0.8445795232901959,0.010817609001030005,0.8561710521512278,0.833533987311624,0.6906730324029923,45.0,285547.35
